date,first_user_default_channel_group,users,sessions,engagement_rate,average_engagement_time_per_session,conversions,total_revenue
2025-06-14,Organic Search,94,95,0.761232574963975,151,22,9143
2025-06-14,Direct,46,63,0.5630408248944124,117,8,5244
2025-06-14,Social,32,38,0.7348991340086108,153,13,1814
2025-06-14,Email,40,48,0.7871231713538653,217,18,3026
2025-06-14,Paid Search,20,26,0.6378425878080586,119,11,7920
2025-06-14,Referral,20,20,0.5166942518084267,86,8,1204
2025-06-14,Display,18,18,0.6313517216048873,114,4,1275
2025-06-15,Organic Search,90,125,0.693976742211064,200,26,12729
2025-06-15,Direct,52,54,0.5568736575483494,104,20,7370
2025-06-15,Social,32,39,0.8299725500132904,198,9,2857
2025-06-15,Email,40,45,0.7460246555449735,205,16,5745
2025-06-15,Paid Search,23,24,0.683552270963388,121,16,6986
2025-06-15,Referral,17,18,0.5832068381332008,97,6,1902
2025-06-15,Display,20,20,0.5412286529535388,82,8,1321
2025-06-16,Organic Search,114,118,0.681647426537949,192,25,9741
2025-06-16,Direct,71,83,0.6827024730830054,131,15,6170
2025-06-16,Social,38,42,0.7369941261540974,218,9,3394
2025-06-16,Email,33,42,0.7839040808224635,188,14,5087
2025-06-16,Paid Search,30,31,0.7084829667807354,114,10,6570
2025-06-16,Referral,15,20,0.5759887940239432,84,9,1281
2025-06-16,Display,24,28,0.5452545415967264,115,3,1893
2025-06-17,Organic Search,94,128,0.7626316699387415,163,18,10404
2025-06-17,Direct,67,72,0.618058555949381,136,19,7157
2025-06-17,Social,46,51,0.7761522511906488,163,15,2222
2025-06-17,Email,40,48,0.8174352338301075,179,21,3661
2025-06-17,Paid Search,32,40,0.7361438940472693,141,15,4079
2025-06-17,Referral,13,15,0.6581699380081731,133,7,990
2025-06-17,Display,11,12,0.6580417278567273,140,4,675
2025-06-18,Organic Search,142,146,0.7966976740516002,188,19,9051
2025-06-18,Direct,70,87,0.5747690438461192,123,17,8466
2025-06-18,Social,60,66,0.8393370239503265,175,9,2634
2025-06-18,Email,40,45,0.7900960134263206,226,24,3495
2025-06-18,Paid Search,22,25,0.5908844023754786,102,17,6268
2025-06-18,Referral,17,21,0.5396391292012808,84,3,968
2025-06-18,Display,12,12,0.6547343720456744,84,6,1070
2025-06-19,Organic Search,142,155,0.7308850897092132,193,30,9990
2025-06-19,Direct,70,83,0.5785614871542817,96,18,8531
2025-06-19,Social,41,54,0.7616653414074607,156,15,3676
2025-06-19,Email,40,41,0.7296980278523222,203,13,4018
2025-06-19,Paid Search,21,24,0.6711685781647585,117,14,4751
2025-06-19,Referral,18,21,0.5449651606187781,139,4,1407
2025-06-19,Display,13,13,0.617386080919734,114,3,691
2025-06-20,Organic Search,110,120,0.7109621086928708,181,21,11285
2025-06-20,Direct,43,48,0.6068459678465374,114,12,8727
2025-06-20,Social,39,52,0.8044887255400244,212,7,1777
2025-06-20,Email,29,32,0.8749934983950653,229,11,4284
2025-06-20,Paid Search,16,16,0.679310191058025,164,16,4644
2025-06-20,Referral,11,15,0.5144200637433056,91,4,1718
2025-06-20,Display,12,17,0.6551274563546233,105,4,1666
2025-06-21,Organic Search,111,148,0.7391778730300163,199,17,11434
2025-06-21,Direct,77,95,0.6284174073297938,149,12,6673
2025-06-21,Social,51,61,0.7358028928923769,200,7,3751
2025-06-21,Email,40,44,0.7931559316112723,169,10,4877
2025-06-21,Paid Search,34,35,0.5924543225869375,127,16,5086
2025-06-21,Referral,14,16,0.6585555512635591,136,6,1256
2025-06-21,Display,19,20,0.5788732231413878,114,7,1752
2025-06-22,Organic Search,147,147,0.7501794805568875,190,24,13434
2025-06-22,Direct,46,50,0.5896698882230692,146,9,9532
2025-06-22,Social,34,42,0.7422634407186841,176,10,1833
2025-06-22,Email,40,44,0.8008654492956779,192,11,3378
2025-06-22,Paid Search,35,41,0.7209891751932773,105,8,5366
2025-06-22,Referral,14,19,0.6763636316891906,90,10,1629
2025-06-22,Display,23,27,0.5017405459295012,84,5,1617
2025-06-23,Organic Search,84,107,0.7373764349734692,138,28,9044
2025-06-23,Direct,42,51,0.6046977272990884,149,20,5326
2025-06-23,Social,58,69,0.7315114807509631,181,15,1421
2025-06-23,Email,31,39,0.8614615522321614,212,14,3969
2025-06-23,Paid Search,20,22,0.7298407547927651,103,10,7016
2025-06-23,Referral,20,23,0.644402325008685,135,6,1046
2025-06-23,Display,15,20,0.5194572127525323,135,3,1463
2025-06-24,Organic Search,108,120,0.7724879908395393,178,26,10500
2025-06-24,Direct,54,61,0.5535496652052178,102,14,7689
2025-06-24,Social,38,40,0.8450333656072542,185,10,3627
2025-06-24,Email,36,42,0.8287228989376422,228,20,3113
2025-06-24,Paid Search,18,22,0.6103565287493188,133,8,4444
2025-06-24,Referral,23,25,0.6311381109174868,100,9,1741
2025-06-24,Display,13,16,0.661910851924016,92,7,590
2025-06-25,Organic Search,135,135,0.7279880522849879,188,21,10983
2025-06-25,Direct,67,69,0.6923311728956971,148,13,7571
2025-06-25,Social,51,54,0.8079631394520925,188,13,2266
2025-06-25,Email,33,38,0.7843840619292359,197,14,3785
2025-06-25,Paid Search,28,34,0.6951440506963646,122,17,6331
2025-06-25,Referral,19,22,0.5986286983644257,80,7,1087
2025-06-25,Display,16,19,0.6414365889459644,118,8,1452
2025-06-26,Organic Search,136,164,0.751344084978515,185,30,14502
2025-06-26,Direct,50,52,0.5925679607489541,132,18,7745
2025-06-26,Social,32,39,0.800919350583575,178,8,1603
2025-06-26,Email,20,20,0.759174807052536,220,12,4865
2025-06-26,Paid Search,28,31,0.7021188056348281,149,15,5636
2025-06-26,Referral,17,18,0.6180904420001212,80,4,1370
2025-06-26,Display,17,18,0.6447397741111658,124,10,602
2025-06-27,Organic Search,111,118,0.7184692738205259,179,25,14187
2025-06-27,Direct,68,87,0.6722509760997526,147,16,8495
2025-06-27,Social,56,70,0.8345812154849893,210,12,2061
2025-06-27,Email,27,37,0.7643698165009185,226,25,5567
2025-06-27,Paid Search,22,26,0.6547783408550334,136,11,5112
2025-06-27,Referral,20,22,0.6607448299022571,85,5,808
2025-06-27,Display,17,20,0.6249109662138295,125,6,631
2025-06-28,Organic Search,133,159,0.6996322086557125,179,28,8510
2025-06-28,Direct,53,66,0.6084215219000412,139,17,5160
2025-06-28,Social,57,69,0.7715469598836036,195,9,2597
2025-06-28,Email,33,41,0.8396025070364881,229,17,4999
2025-06-28,Paid Search,22,26,0.6540921159279282,103,14,5376
2025-06-28,Referral,22,27,0.5297080516166316,109,5,1774
2025-06-28,Display,10,13,0.606540699613024,122,3,671
2025-06-29,Organic Search,134,142,0.7800277033392695,143,16,10131
2025-06-29,Direct,64,74,0.5817490426317222,110,13,8105
2025-06-29,Social,38,51,0.737840729767357,160,12,1079
2025-06-29,Email,37,37,0.8799852525614735,204,17,5662
2025-06-29,Paid Search,17,17,0.7082196446901194,131,11,7437
2025-06-29,Referral,10,14,0.5274288222412623,88,10,1871
2025-06-29,Display,13,17,0.6705962639989974,109,7,1255
2025-06-30,Organic Search,101,139,0.7410871240836397,134,20,10548
2025-06-30,Direct,46,64,0.55385176382462,109,17,8074
2025-06-30,Social,42,48,0.711399471676459,181,6,3855
2025-06-30,Email,29,39,0.816065858370695,175,11,4422
2025-06-30,Paid Search,32,38,0.6924586279168505,108,16,6652
2025-06-30,Referral,20,20,0.652923612859924,132,10,716
2025-06-30,Display,23,25,0.6144053190982603,133,10,1948
2025-07-01,Organic Search,99,126,0.676420544162909,186,23,13045
2025-07-01,Direct,74,89,0.6197310657451762,142,19,9853
2025-07-01,Social,38,48,0.8277569740028997,161,9,2846
2025-07-01,Email,27,34,0.8111759431485316,208,20,3117
2025-07-01,Paid Search,30,35,0.6109127757168076,127,13,7267
2025-07-01,Referral,18,20,0.5503385278467655,118,7,1638
2025-07-01,Display,10,14,0.6706512639998656,85,6,1974
2025-07-02,Organic Search,132,163,0.7332764317372792,150,30,13291
2025-07-02,Direct,71,85,0.6689399302198475,95,12,6815
2025-07-02,Social,42,49,0.7459309045195133,197,12,3267
2025-07-02,Email,36,41,0.7880806100328344,230,20,4441
2025-07-02,Paid Search,29,33,0.6321259085293012,129,9,6954
2025-07-02,Referral,16,18,0.5215198534259096,114,5,892
2025-07-02,Display,16,21,0.5871557456982875,126,7,705
2025-07-03,Organic Search,104,122,0.6841224745223833,142,24,8115
2025-07-03,Direct,74,78,0.5911466990174901,93,16,7393
2025-07-03,Social,52,56,0.7956804482658891,212,6,1050
2025-07-03,Email,38,42,0.7951035111888816,216,20,3755
2025-07-03,Paid Search,16,20,0.7399808114505776,161,9,7367
2025-07-03,Referral,12,15,0.5885143808523923,116,3,810
2025-07-03,Display,14,18,0.6708426156244457,85,6,742
2025-07-04,Organic Search,133,171,0.7394190268115038,199,22,14354
2025-07-04,Direct,73,85,0.6175771697333131,118,12,9821
2025-07-04,Social,43,52,0.785294420593635,157,14,1406
2025-07-04,Email,26,36,0.7537640312488628,170,15,3982
2025-07-04,Paid Search,20,28,0.5927610277131985,100,14,5845
2025-07-04,Referral,25,27,0.5058751739685664,98,7,1939
2025-07-04,Display,24,24,0.6237292856128237,139,7,1780
2025-07-05,Organic Search,105,132,0.6672164453691569,148,19,10176
2025-07-05,Direct,49,51,0.558945705927077,140,12,9874
2025-07-05,Social,53,62,0.7658730173010606,209,9,3866
2025-07-05,Email,32,36,0.8000755483388681,223,24,3329
2025-07-05,Paid Search,34,34,0.7312018911797171,141,17,5025
2025-07-05,Referral,10,10,0.5412063948299288,123,3,1876
2025-07-05,Display,18,22,0.507241701166031,128,5,1463
2025-07-06,Organic Search,146,174,0.7874109181890152,143,28,13200
2025-07-06,Direct,71,73,0.6205015592440528,116,13,7630
2025-07-06,Social,51,54,0.8286599641600528,192,11,3841
2025-07-06,Email,35,39,0.8260133659186286,211,11,4862
2025-07-06,Paid Search,17,22,0.6229078046601753,114,14,7542
2025-07-06,Referral,10,15,0.6564861471777175,109,9,611
2025-07-06,Display,16,20,0.5651202846473016,128,10,1780
2025-07-07,Organic Search,136,139,0.6805337357525411,190,19,10359
2025-07-07,Direct,68,83,0.568213912504393,130,17,6960
2025-07-07,Social,52,57,0.7466125207590002,151,13,2671
2025-07-07,Email,22,25,0.8787611423032351,174,24,3481
2025-07-07,Paid Search,35,37,0.6647238358002232,137,16,6889
2025-07-07,Referral,18,21,0.6502503102038051,110,6,1435
2025-07-07,Display,14,17,0.5343098667706271,118,5,642
2025-07-08,Organic Search,115,141,0.7009812864671443,184,23,14721
2025-07-08,Direct,40,49,0.6589076473920299,143,17,9750
2025-07-08,Social,51,66,0.8297890892050364,207,13,2983
2025-07-08,Email,31,36,0.8083067867313297,229,22,4865
2025-07-08,Paid Search,25,28,0.746731687326541,130,17,5568
2025-07-08,Referral,17,20,0.5078565138375144,127,10,1944
2025-07-08,Display,22,25,0.6779145203490853,130,5,1514
2025-07-09,Organic Search,84,92,0.7253436725199449,195,25,8822
2025-07-09,Direct,68,71,0.6288926630211342,119,8,6180
2025-07-09,Social,43,47,0.7112242372365563,183,10,3552
2025-07-09,Email,32,42,0.7328504512927119,202,22,4297
2025-07-09,Paid Search,35,42,0.7283051129577511,104,17,4280
2025-07-09,Referral,17,22,0.6231919233930651,98,6,685
2025-07-09,Display,23,23,0.6368665447389679,125,4,1408
2025-07-10,Organic Search,101,120,0.785513609307573,125,25,14522
2025-07-10,Direct,43,52,0.6037695013450546,117,10,7000
2025-07-10,Social,46,59,0.7848892092873905,173,7,1717
2025-07-10,Email,22,31,0.8593343357831768,190,25,5388
2025-07-10,Paid Search,19,22,0.6583954852703495,132,15,5045
2025-07-10,Referral,10,13,0.662217696247799,123,5,651
2025-07-10,Display,24,26,0.6777773051393249,99,9,1913
2025-07-11,Organic Search,112,141,0.7767955887713899,145,27,14990
2025-07-11,Direct,70,73,0.5855808552891362,126,13,9708
2025-07-11,Social,39,48,0.7032909396789347,200,9,1033
2025-07-11,Email,38,48,0.8445298585232125,166,25,4172
2025-07-11,Paid Search,22,27,0.6172307716177778,124,17,5026
2025-07-11,Referral,14,19,0.5174895073668112,120,3,1132
2025-07-11,Display,24,24,0.6043232849663125,126,5,684
2025-07-12,Organic Search,117,137,0.7621221297407558,142,21,9082
2025-07-12,Direct,74,85,0.6296278560554177,148,12,6347
2025-07-12,Social,38,53,0.8451076114250218,187,10,1471
2025-07-12,Email,34,35,0.7425211224009413,188,22,5282
2025-07-12,Paid Search,26,27,0.7144159346601193,101,12,6197
2025-07-12,Referral,13,16,0.566345418550887,127,7,1697
2025-07-12,Display,22,27,0.6692525405203198,86,6,1465
2025-07-13,Organic Search,83,122,0.7826352267822279,191,25,12997
2025-07-13,Direct,54,74,0.5594825561740293,142,15,7475
2025-07-13,Social,50,63,0.7175013905090581,155,5,2246
2025-07-13,Email,35,36,0.7355507197794914,228,14,4591
2025-07-13,Paid Search,29,34,0.6939826572045291,169,14,6405
2025-07-13,Referral,14,17,0.6178859415488236,133,10,1760
2025-07-13,Display,23,25,0.5058889316339085,103,6,1408
2025-07-14,Organic Search,136,151,0.7783175289958932,132,26,12460
2025-07-14,Direct,62,63,0.609720946411656,102,9,8725
2025-07-14,Social,32,38,0.7962556700849827,152,5,2366
2025-07-14,Email,27,29,0.8459164959962105,186,12,5270
2025-07-14,Paid Search,21,24,0.71821900679058,129,13,7171
2025-07-14,Referral,14,18,0.500510399266403,134,5,766
2025-07-14,Display,18,19,0.5197867426200984,135,3,769
2025-07-15,Organic Search,81,103,0.7684976996352131,150,25,8129
2025-07-15,Direct,51,59,0.5578598526791765,137,14,9309
2025-07-15,Social,33,35,0.7714368948134875,196,13,3431
2025-07-15,Email,23,30,0.8006141903657314,165,19,4876
2025-07-15,Paid Search,35,35,0.5903403192740659,161,14,5746
2025-07-15,Referral,13,16,0.6282322366814774,108,4,665
2025-07-15,Display,20,24,0.5267000886188656,88,7,1778
2025-07-16,Organic Search,150,170,0.7071356598227782,196,24,11716
2025-07-16,Direct,72,91,0.6145298988735435,140,19,5937
2025-07-16,Social,57,63,0.764510491249958,179,11,2388
2025-07-16,Email,34,40,0.7865583440418392,172,20,4748
2025-07-16,Paid Search,25,29,0.6436311739840412,119,18,7780
2025-07-16,Referral,25,25,0.5164204619058888,85,4,1384
2025-07-16,Display,13,18,0.6329832797279689,131,5,1639
2025-07-17,Organic Search,87,124,0.793493693577036,191,25,13488
2025-07-17,Direct,47,60,0.6030397119450651,132,20,8464
2025-07-17,Social,57,58,0.8452597937967211,189,10,1424
2025-07-17,Email,38,46,0.7540382089075209,221,17,3443
2025-07-17,Paid Search,26,34,0.6424853786046095,135,17,4926
2025-07-17,Referral,23,27,0.6754183883826275,132,3,1747
2025-07-17,Display,18,18,0.5324748929529538,124,7,1195
2025-07-18,Organic Search,124,124,0.6772108337318853,138,27,8570
2025-07-18,Direct,49,69,0.6957715478137028,95,19,9345
2025-07-18,Social,36,48,0.7629748740646755,193,7,2515
2025-07-18,Email,29,34,0.8442936991946786,170,11,3637
2025-07-18,Paid Search,20,20,0.6945746808042292,134,15,6711
2025-07-18,Referral,23,26,0.6092736813393829,106,7,941
2025-07-18,Display,13,15,0.5773844540116203,98,10,1579
2025-07-19,Organic Search,119,121,0.6830777653253787,196,16,8062
2025-07-19,Direct,53,62,0.6917986130839966,139,10,7093
2025-07-19,Social,39,49,0.7179976515558323,213,11,1719
2025-07-19,Email,24,30,0.8052131756587878,189,21,3295
2025-07-19,Paid Search,27,27,0.6541573312370931,158,9,7531
2025-07-19,Referral,20,24,0.5772711715341504,105,9,1092
2025-07-19,Display,13,16,0.5037541806244548,100,5,1765
2025-07-20,Organic Search,138,161,0.6632194821946827,133,22,11569
2025-07-20,Direct,77,89,0.6285943814500947,115,12,7781
2025-07-20,Social,37,47,0.8168676802904896,159,13,3593
2025-07-20,Email,23,31,0.8015923299716755,204,21,5979
2025-07-20,Paid Search,35,37,0.6201657043209431,118,12,4808
2025-07-20,Referral,15,19,0.5275165620210673,128,4,862
2025-07-20,Display,25,28,0.6358002485444575,128,10,1894
2025-07-21,Organic Search,121,161,0.697420834173587,176,17,11841
2025-07-21,Direct,68,88,0.595423065270852,107,17,5460
2025-07-21,Social,41,43,0.7465611775909466,207,5,1233
2025-07-21,Email,31,35,0.7322769601877528,171,22,4895
2025-07-21,Paid Search,33,41,0.7422193510428743,105,15,7723
2025-07-21,Referral,16,18,0.6089010501326116,112,5,626
2025-07-21,Display,24,24,0.6459740260380717,133,8,1962
2025-07-22,Organic Search,90,122,0.7469190636715579,125,22,13796
2025-07-22,Direct,68,82,0.6286102829755262,129,10,7981
2025-07-22,Social,41,50,0.7581124839284673,193,15,3448
2025-07-22,Email,21,31,0.8235688571150891,168,20,3387
2025-07-22,Paid Search,32,38,0.6283049855592793,119,13,4333
2025-07-22,Referral,14,16,0.5558417127593261,121,9,764
2025-07-22,Display,12,14,0.6006059726163915,121,8,761
2025-07-23,Organic Search,147,152,0.7469037231100232,174,26,8149
2025-07-23,Direct,63,72,0.5770394384315267,103,13,8983
2025-07-23,Social,36,43,0.8499964931654542,169,6,2211
2025-07-23,Email,23,31,0.8433399552580961,227,11,5711
2025-07-23,Paid Search,25,27,0.6815318949821768,119,10,4740
2025-07-23,Referral,15,20,0.5787812129249025,106,8,1885
2025-07-23,Display,17,20,0.6099071759826469,128,10,979
2025-07-24,Organic Search,148,163,0.6964201844844184,180,21,11013
2025-07-24,Direct,76,90,0.6192519967661484,108,20,8128
2025-07-24,Social,46,59,0.8449402229808921,175,14,1566
2025-07-24,Email,28,28,0.8225886457927115,207,13,5913
2025-07-24,Paid Search,31,32,0.6284607123900858,120,12,5840
2025-07-24,Referral,14,17,0.5165084425386368,138,6,1423
2025-07-24,Display,21,21,0.574681443047421,105,8,982
2025-07-25,Organic Search,129,134,0.7062369010126651,123,25,8811
2025-07-25,Direct,61,65,0.5706399381588808,108,15,6136
2025-07-25,Social,54,69,0.7672902210973369,150,6,1077
2025-07-25,Email,28,31,0.853594095885181,230,23,3455
2025-07-25,Paid Search,24,27,0.6311957030796573,106,11,5719
2025-07-25,Referral,24,24,0.5199544211522027,137,10,1722
2025-07-25,Display,10,15,0.5927676314376931,95,5,1096
2025-07-26,Organic Search,134,134,0.7422214374163927,150,28,9534
2025-07-26,Direct,45,61,0.6961981736428332,94,16,9457
2025-07-26,Social,46,46,0.7585680598840095,210,5,3603
2025-07-26,Email,32,37,0.760584041771074,162,21,3276
2025-07-26,Paid Search,26,29,0.7045999736466091,113,17,7011
2025-07-26,Referral,20,21,0.5079804238931375,114,8,1816
2025-07-26,Display,15,20,0.5836321219544668,124,10,1793
2025-07-27,Organic Search,103,111,0.6594650805548338,178,16,10403
2025-07-27,Direct,52,53,0.6686663819843566,146,8,7585
2025-07-27,Social,59,68,0.7773075383881748,219,12,2037
2025-07-27,Email,21,31,0.7505765489174258,205,11,5685
2025-07-27,Paid Search,25,29,0.6011607514015451,147,14,7643
2025-07-27,Referral,22,27,0.5791525940674153,104,8,882
2025-07-27,Display,25,30,0.5895542106488529,139,7,669
2025-07-28,Organic Search,134,139,0.714591072800517,143,24,10631
2025-07-28,Direct,46,48,0.599187985801234,108,12,8652
2025-07-28,Social,49,62,0.724996715809887,206,10,2831
2025-07-28,Email,21,26,0.8183762371518023,215,18,5619
2025-07-28,Paid Search,16,17,0.6941012611119235,151,13,6101
2025-07-28,Referral,15,15,0.5257003043052589,118,10,571
2025-07-28,Display,14,14,0.5424791684756635,121,8,1241
2025-07-29,Organic Search,129,165,0.65485779859695,139,29,11038
2025-07-29,Direct,63,77,0.6644626707697869,126,10,9337
2025-07-29,Social,41,53,0.7471578161972322,185,8,1464
2025-07-29,Email,20,22,0.7998470336410347,209,13,4072
2025-07-29,Paid Search,23,30,0.6164769723220324,136,15,4819
2025-07-29,Referral,13,14,0.6535087322691782,108,5,1960
2025-07-29,Display,24,24,0.6458923793043738,134,8,1867
2025-07-30,Organic Search,124,128,0.7324995721230336,157,24,14974
2025-07-30,Direct,50,70,0.5761136514623051,113,16,6836
2025-07-30,Social,33,39,0.818809851041671,180,12,1107
2025-07-30,Email,31,39,0.8115643851386442,219,14,5506
2025-07-30,Paid Search,17,18,0.6325794219798385,161,16,5682
2025-07-30,Referral,23,27,0.513275128324023,100,4,1421
2025-07-30,Display,24,29,0.5931248021275748,88,5,764
2025-07-31,Organic Search,135,167,0.7866068406420331,127,18,12244
2025-07-31,Direct,49,58,0.5746985619835187,110,19,6847
2025-07-31,Social,41,50,0.8268900559233798,182,8,3601
2025-07-31,Email,37,41,0.7400272472203044,198,12,5058
2025-07-31,Paid Search,35,37,0.6806074357038229,119,10,6698
2025-07-31,Referral,20,24,0.5074149746339212,135,3,666
2025-07-31,Display,11,16,0.6387840263830038,96,6,1671
2025-08-01,Organic Search,133,172,0.7458486788313305,183,24,13258
2025-08-01,Direct,59,74,0.5867316865973414,141,18,8326
2025-08-01,Social,39,53,0.7109459538258018,157,7,2800
2025-08-01,Email,33,40,0.7943107452440537,203,14,4280
2025-08-01,Paid Search,25,30,0.7458136017455297,116,13,6109
2025-08-01,Referral,13,15,0.5435128149685641,87,7,1420
2025-08-01,Display,17,18,0.5174260974609028,98,9,1760
2025-08-02,Organic Search,133,148,0.7944028778359006,140,25,12732
2025-08-02,Direct,60,66,0.6644682062707943,121,16,8824
2025-08-02,Social,45,54,0.7746055409571263,161,11,3070
2025-08-02,Email,34,37,0.7544231076041985,205,11,3207
2025-08-02,Paid Search,24,31,0.6815781910717317,160,12,6198
2025-08-02,Referral,10,10,0.5775669984825573,136,7,1989
2025-08-02,Display,21,24,0.5658687234531614,105,3,1667
2025-08-03,Organic Search,104,127,0.7329834389931728,129,27,12130
2025-08-03,Direct,68,85,0.5919581016435973,129,18,5973
2025-08-03,Social,34,37,0.759085556909291,193,13,2497
2025-08-03,Email,24,27,0.8163940721859008,211,11,3185
2025-08-03,Paid Search,16,18,0.7013106138752171,160,16,5871
2025-08-03,Referral,14,18,0.6607637045740413,88,8,1755
2025-08-03,Display,20,21,0.5707318258159669,119,7,1715
2025-08-04,Organic Search,123,155,0.7742434078936065,188,30,13805
2025-08-04,Direct,76,85,0.621233889999705,91,13,7713
2025-08-04,Social,51,54,0.8469847046768743,189,15,1109
2025-08-04,Email,39,46,0.7624848699177154,189,11,5390
2025-08-04,Paid Search,30,32,0.6691194965461961,148,10,7365
2025-08-04,Referral,17,17,0.6030626488527427,124,4,890
2025-08-04,Display,10,13,0.556464647020254,89,9,1914
2025-08-05,Organic Search,106,132,0.7252729256916481,198,30,14949
2025-08-05,Direct,43,47,0.627802481734017,125,13,8918
2025-08-05,Social,46,58,0.7470628898106725,172,12,3183
2025-08-05,Email,30,38,0.77668591818317,193,25,3787
2025-08-05,Paid Search,22,26,0.6748747306372587,128,12,7158
2025-08-05,Referral,19,24,0.5373100030738353,125,10,1149
2025-08-05,Display,25,27,0.6008877662425195,139,7,1089
2025-08-06,Organic Search,95,131,0.7514933368673818,168,27,14704
2025-08-06,Direct,62,66,0.5935678977989404,108,19,5647
2025-08-06,Social,41,55,0.7983958075826361,211,8,1827
2025-08-06,Email,37,41,0.8692838294053292,194,14,3447
2025-08-06,Paid Search,34,37,0.6212178665297488,167,11,6613
2025-08-06,Referral,17,17,0.5180356326281595,101,10,705
2025-08-06,Display,14,14,0.67361337810057,139,5,1333
2025-08-07,Organic Search,140,170,0.7475808037811399,156,25,10338
2025-08-07,Direct,43,45,0.647844809562862,104,16,5305
2025-08-07,Social,59,64,0.7626827473367508,172,5,2626
2025-08-07,Email,35,37,0.869857399164442,197,11,3037
2025-08-07,Paid Search,24,25,0.7378373238228929,142,12,5861
2025-08-07,Referral,25,26,0.6531907529440395,109,7,894
2025-08-07,Display,13,15,0.529248967257153,109,7,1971
2025-08-08,Organic Search,103,103,0.7604926843238385,157,21,9437
2025-08-08,Direct,79,99,0.6845564142675962,142,14,9221
2025-08-08,Social,40,42,0.7601249869941799,162,7,1575
2025-08-08,Email,35,40,0.8697320619202221,160,18,4571
2025-08-08,Paid Search,22,29,0.7081386308028477,142,12,6385
2025-08-08,Referral,10,12,0.6176630060726358,124,6,627
2025-08-08,Display,13,16,0.5552251415606516,105,7,1913
2025-08-09,Organic Search,95,135,0.7874195578775953,157,26,13035
2025-08-09,Direct,54,61,0.6936040805282839,120,10,8727
2025-08-09,Social,53,64,0.7623768423146837,220,12,3201
2025-08-09,Email,26,29,0.8288547071871036,170,24,5163
2025-08-09,Paid Search,26,27,0.7359316001527658,114,8,7394
2025-08-09,Referral,16,20,0.5965988284869003,90,8,1565
2025-08-09,Display,24,24,0.6224531428290327,125,10,686
2025-08-10,Organic Search,145,173,0.7713038124765856,178,19,12204
2025-08-10,Direct,66,80,0.634586677764807,125,15,7524
2025-08-10,Social,53,53,0.7593923064929886,150,8,3368
2025-08-10,Email,22,22,0.78779158156458,168,11,3282
2025-08-10,Paid Search,30,30,0.6288054201715244,123,10,7136
2025-08-10,Referral,23,25,0.6787141877445583,104,10,1273
2025-08-10,Display,22,22,0.6228914637382774,122,5,1838
2025-08-11,Organic Search,124,131,0.6767710443506167,188,27,12332
2025-08-11,Direct,48,55,0.6752232417503072,138,8,7444
2025-08-11,Social,44,57,0.7797900412745138,179,8,2886
2025-08-11,Email,31,33,0.7641039564472204,174,11,5704
2025-08-11,Paid Search,28,28,0.620913270004346,108,9,6432
2025-08-11,Referral,11,14,0.6076012814116795,125,3,1001
2025-08-11,Display,11,14,0.5790133060677429,114,6,615
2025-08-12,Organic Search,97,129,0.7990225161864573,149,25,12730
2025-08-12,Direct,78,88,0.5855356052165082,146,10,9270
2025-08-12,Social,37,50,0.7450751430636129,157,13,3423
2025-08-12,Email,25,35,0.8286000197258002,223,11,4410
2025-08-12,Paid Search,35,41,0.7135867813166881,140,14,5672
2025-08-12,Referral,14,16,0.5677628339312838,128,10,993
2025-08-12,Display,17,19,0.6543574229431437,89,10,618
2025-08-13,Organic Search,132,158,0.7335930137298909,137,27,9989
2025-08-13,Direct,56,62,0.5995394490436158,95,15,8039
2025-08-13,Social,32,38,0.707730494367102,198,15,3477
2025-08-13,Email,39,39,0.8597792733583264,184,16,4963
2025-08-13,Paid Search,21,26,0.6315419643572968,101,11,7838
2025-08-13,Referral,16,21,0.5211169158998002,128,10,996
2025-08-13,Display,16,19,0.6647227627268402,115,8,1079
2025-08-14,Organic Search,128,157,0.7300475191124395,165,24,10142
2025-08-14,Direct,63,79,0.682421792854306,119,9,8846
2025-08-14,Social,54,64,0.8371495748346234,197,10,2695
2025-08-14,Email,21,30,0.8582535746351172,178,10,4068
2025-08-14,Paid Search,32,38,0.6301826888763155,125,13,4942
2025-08-14,Referral,22,26,0.6500052887516574,111,8,1027
2025-08-14,Display,25,30,0.6155050017917674,111,10,844
2025-08-15,Organic Search,125,135,0.6709937792870926,189,30,9507
2025-08-15,Direct,74,94,0.6935855340868965,123,8,5608
2025-08-15,Social,60,61,0.8146508265358029,202,7,3583
2025-08-15,Email,27,28,0.8331471301925536,161,16,5071
2025-08-15,Paid Search,29,34,0.5902765202152132,161,18,5998
2025-08-15,Referral,10,10,0.5957982473022926,106,3,534
2025-08-15,Display,18,22,0.6759462826818522,81,9,867
2025-08-16,Organic Search,93,99,0.7286578101838725,150,21,13077
2025-08-16,Direct,73,81,0.6722821586069924,107,20,8251
2025-08-16,Social,32,43,0.8438946691222795,208,14,1996
2025-08-16,Email,27,31,0.8294466600752617,170,11,3382
2025-08-16,Paid Search,27,33,0.6441188266423288,160,8,6608
2025-08-16,Referral,10,15,0.5308490435397886,111,9,1820
2025-08-16,Display,20,24,0.6759192601921622,86,3,970
2025-08-17,Organic Search,107,143,0.721325043146791,125,17,13606
2025-08-17,Direct,57,74,0.6345264796071975,92,10,7576
2025-08-17,Social,30,36,0.7880554156126732,200,6,2225
2025-08-17,Email,25,34,0.7584755510886859,209,20,4572
2025-08-17,Paid Search,19,20,0.6651347847784133,144,8,4400
2025-08-17,Referral,23,24,0.6509614383703716,101,9,1168
2025-08-17,Display,10,15,0.5491988651531835,108,10,967
2025-08-18,Organic Search,125,160,0.7911714267456089,175,20,13568
2025-08-18,Direct,77,89,0.5628541176455104,129,12,7018
2025-08-18,Social,52,54,0.7123057014509723,169,11,3915
2025-08-18,Email,40,42,0.8383448462362552,200,21,3436
2025-08-18,Paid Search,17,17,0.7403032386482169,156,13,7118
2025-08-18,Referral,18,18,0.5238512608089559,91,9,1419
2025-08-18,Display,23,23,0.5047271427223935,102,4,1722
2025-08-19,Organic Search,121,145,0.6518510922325932,172,27,14382
2025-08-19,Direct,45,62,0.6857811361470038,105,17,9268
2025-08-19,Social,35,47,0.7254252617867738,184,9,2099
2025-08-19,Email,35,37,0.7301227440443127,215,18,4724
2025-08-19,Paid Search,24,31,0.7130533261081325,146,12,7867
2025-08-19,Referral,17,22,0.6125060637984011,118,6,1437
2025-08-19,Display,13,14,0.5548384392352262,140,9,1180
2025-08-20,Organic Search,128,149,0.716033438222188,175,19,10461
2025-08-20,Direct,60,79,0.6920918383024174,102,15,7573
2025-08-20,Social,35,47,0.8453087832620043,187,15,3011
2025-08-20,Email,38,41,0.7721417979908649,195,22,4495
2025-08-20,Paid Search,18,21,0.6806785958225655,169,10,6792
2025-08-20,Referral,10,15,0.5830920001099668,125,6,1397
2025-08-20,Display,19,24,0.5124485609487728,134,9,1878
2025-08-21,Organic Search,143,151,0.7450004059480496,150,23,13395
2025-08-21,Direct,49,62,0.6683615144830094,94,15,9898
2025-08-21,Social,45,57,0.7801551101803176,203,13,1150
2025-08-21,Email,31,39,0.8150111909367804,170,13,4016
2025-08-21,Paid Search,26,28,0.6899899741571787,105,17,6642
2025-08-21,Referral,22,24,0.6738290199884891,107,4,521
2025-08-21,Display,13,15,0.5399601943189034,127,6,1412
2025-08-22,Organic Search,127,152,0.7194594812829147,195,19,10825
2025-08-22,Direct,41,56,0.5656824037009093,116,9,5950
2025-08-22,Social,56,60,0.7522492978482213,193,12,1847
2025-08-22,Email,36,43,0.7757280474617034,172,24,5957
2025-08-22,Paid Search,29,34,0.591419637807048,105,9,4092
2025-08-22,Referral,20,25,0.5196852827212592,131,5,999
2025-08-22,Display,15,19,0.5288244280187647,115,9,1446
2025-08-23,Organic Search,109,134,0.7444640478318019,143,28,11240
2025-08-23,Direct,41,60,0.6824646061628957,118,17,8518
2025-08-23,Social,42,42,0.8057103423939601,176,9,3882
2025-08-23,Email,22,31,0.7362803277963428,228,15,4498
2025-08-23,Paid Search,25,28,0.6577835717750515,133,18,7533
2025-08-23,Referral,25,29,0.6738649519908395,100,9,1751
2025-08-23,Display,22,26,0.5205617732005301,102,10,1764
2025-08-24,Organic Search,102,121,0.7878023869706146,195,17,13505
2025-08-24,Direct,48,58,0.5676792478992485,109,9,6499
2025-08-24,Social,41,45,0.7766237304230741,203,14,1564
2025-08-24,Email,38,44,0.787686205131714,222,15,5272
2025-08-24,Paid Search,20,27,0.6291019115883887,123,13,7448
2025-08-24,Referral,24,28,0.5096500272735506,102,3,1492
2025-08-24,Display,14,15,0.6467388693176952,115,10,1337
2025-08-25,Organic Search,142,168,0.7565213559268696,176,30,9370
2025-08-25,Direct,45,63,0.5546291058464508,138,11,7392
2025-08-25,Social,31,39,0.733726512496481,186,7,2873
2025-08-25,Email,38,45,0.8079561895260882,174,13,4097
2025-08-25,Paid Search,32,37,0.6721473744499971,105,15,6237
2025-08-25,Referral,16,19,0.5184349589979497,133,6,1109
2025-08-25,Display,11,14,0.547306740453421,135,4,1399
2025-08-26,Organic Search,95,110,0.6814817251384662,195,26,13822
2025-08-26,Direct,79,99,0.6142250591881367,129,10,6692
2025-08-26,Social,56,62,0.8208160740055417,194,13,2151
2025-08-26,Email,39,47,0.7469403783364935,197,19,5345
2025-08-26,Paid Search,23,31,0.747533011384505,112,10,7943
2025-08-26,Referral,23,23,0.6786475206160414,135,5,1936
2025-08-26,Display,14,15,0.526323819816493,100,6,1884
2025-08-27,Organic Search,130,161,0.6713257449613051,200,23,13143
2025-08-27,Direct,66,78,0.6177987583825546,130,20,5762
2025-08-27,Social,42,50,0.8042055423591317,197,12,2999
2025-08-27,Email,30,39,0.7203956936227175,171,24,5600
2025-08-27,Paid Search,26,27,0.7152652475301338,150,11,7965
2025-08-27,Referral,23,24,0.589048690559988,100,7,1191
2025-08-27,Display,14,18,0.653436063731915,130,8,1897
2025-08-28,Organic Search,86,88,0.6649362112874309,178,15,9017
2025-08-28,Direct,50,64,0.618477720395486,117,11,6080
2025-08-28,Social,58,67,0.7238466194358729,185,6,3681
2025-08-28,Email,31,35,0.7331872849128768,181,11,4623
2025-08-28,Paid Search,35,39,0.7034180217899757,129,14,6684
2025-08-28,Referral,12,17,0.5171330620363022,93,10,659
2025-08-28,Display,14,18,0.540714355062693,123,10,519
2025-08-29,Organic Search,81,102,0.7725663540369948,174,19,11913
2025-08-29,Direct,44,51,0.6074604888513659,136,20,5839
2025-08-29,Social,33,43,0.7551342534433927,188,7,2567
2025-08-29,Email,24,34,0.8788704248394216,178,12,5172
2025-08-29,Paid Search,33,33,0.683754270676549,121,15,5438
2025-08-29,Referral,16,21,0.6346883905473899,138,9,1761
2025-08-29,Display,24,25,0.515603846023878,86,5,752
2025-08-30,Organic Search,129,151,0.7944873065829896,160,19,10029
2025-08-30,Direct,57,77,0.5626373073996981,125,17,9915
2025-08-30,Social,53,62,0.816845447876989,153,15,2235
2025-08-30,Email,26,34,0.8171082991475136,184,22,4210
2025-08-30,Paid Search,35,35,0.7132462719279911,130,15,5580
2025-08-30,Referral,13,14,0.5899248574290784,118,4,1581
2025-08-30,Display,10,12,0.6681063923013589,88,9,1664
2025-08-31,Organic Search,133,156,0.7319534331742027,142,30,14310
2025-08-31,Direct,44,44,0.6381045245388887,90,12,6767
2025-08-31,Social,31,32,0.8423019995420686,200,13,2173
2025-08-31,Email,40,48,0.8427376001065159,214,22,3337
2025-08-31,Paid Search,35,43,0.6714014108831287,119,12,4342
2025-08-31,Referral,19,19,0.5920348456931597,93,5,1598
2025-08-31,Display,20,23,0.6055586893422378,128,4,1135
2025-09-01,Organic Search,135,150,0.6586858916034696,131,28,8950
2025-09-01,Direct,69,88,0.6413248606641165,109,18,6438
2025-09-01,Social,33,33,0.8061850910677147,151,7,3033
2025-09-01,Email,31,39,0.8027556547915782,193,15,4523
2025-09-01,Paid Search,19,23,0.704599092384357,115,8,5372
2025-09-01,Referral,23,25,0.5942937580607605,96,4,1516
2025-09-01,Display,24,28,0.5648223011939156,111,5,1253
2025-09-02,Organic Search,100,116,0.7659993429886978,193,18,9871
2025-09-02,Direct,72,72,0.5566056860894215,145,8,7003
2025-09-02,Social,31,46,0.754596474449686,169,7,1144
2025-09-02,Email,37,47,0.7870990886980478,201,17,4704
2025-09-02,Paid Search,25,29,0.7204194892439306,147,9,6056
2025-09-02,Referral,11,12,0.5401733109711173,113,3,1321
2025-09-02,Display,12,15,0.6558858013958875,129,7,1170
2025-09-03,Organic Search,91,126,0.7185119263916864,167,21,10388
2025-09-03,Direct,76,85,0.6609363980100127,105,15,8016
2025-09-03,Social,48,63,0.8496680674395858,175,13,2004
2025-09-03,Email,24,24,0.8691836052060558,163,17,5218
2025-09-03,Paid Search,26,26,0.7416683445643854,100,18,5541
2025-09-03,Referral,19,19,0.5369349871230618,95,9,1507
2025-09-03,Display,11,12,0.6280974454460185,85,3,974
2025-09-04,Organic Search,146,172,0.755127036454802,167,29,14126
2025-09-04,Direct,45,63,0.5643365508006079,98,18,8230
2025-09-04,Social,32,33,0.7652474317652478,166,8,2194
2025-09-04,Email,28,33,0.8681667122850618,210,20,4302
2025-09-04,Paid Search,29,33,0.6197139085285132,125,10,7194
2025-09-04,Referral,13,14,0.5190183950184845,108,10,1143
2025-09-04,Display,23,23,0.5964664188362043,129,6,1425
2025-09-05,Organic Search,119,148,0.6897511890372062,135,17,9291
2025-09-05,Direct,59,78,0.5560494712162996,143,13,6215
2025-09-05,Social,32,39,0.8452600006264553,200,13,1200
2025-09-05,Email,29,33,0.8512143385299166,182,10,4656
2025-09-05,Paid Search,29,37,0.7071733360254806,131,9,5892
2025-09-05,Referral,13,14,0.5218615859907287,83,6,767
2025-09-05,Display,16,19,0.5670031538868796,120,4,1692
2025-09-06,Organic Search,113,117,0.653270027410792,128,21,13291
2025-09-06,Direct,68,72,0.5637967957985528,144,20,7716
2025-09-06,Social,33,34,0.8413420991536172,156,7,3350
2025-09-06,Email,33,39,0.7993802225941209,208,23,3707
2025-09-06,Paid Search,26,29,0.734411716698227,135,12,5826
2025-09-06,Referral,14,14,0.6105391839999839,119,6,1825
2025-09-06,Display,19,22,0.5741585971333097,115,10,624
2025-09-07,Organic Search,91,108,0.7074522914036021,173,21,13264
2025-09-07,Direct,73,80,0.6446131583237134,141,16,5159
2025-09-07,Social,42,53,0.7719526658332174,212,10,3316
2025-09-07,Email,36,41,0.7821410039310881,183,10,4306
2025-09-07,Paid Search,34,37,0.5849815882912278,135,8,7312
2025-09-07,Referral,25,29,0.5643379206808775,117,6,826
2025-09-07,Display,13,14,0.6182355958477221,97,3,949
2025-09-08,Organic Search,129,151,0.7902809048137318,142,20,9937
2025-09-08,Direct,77,87,0.6709315338039082,134,13,9846
2025-09-08,Social,30,41,0.8421338102605023,168,14,1771
2025-09-08,Email,35,43,0.7694484915441951,222,11,3369
2025-09-08,Paid Search,16,19,0.682282673695665,102,16,5957
2025-09-08,Referral,10,12,0.6652213134657164,92,5,1197
2025-09-08,Display,15,17,0.5107200733121061,89,5,727
2025-09-09,Organic Search,147,170,0.7940838125413637,167,27,12800
2025-09-09,Direct,46,56,0.5952647730588204,98,10,8578
2025-09-09,Social,55,70,0.797377039846722,172,13,3840
2025-09-09,Email,39,44,0.7557179542369028,182,22,4256
2025-09-09,Paid Search,24,26,0.6102104090444838,100,17,5603
2025-09-09,Referral,11,12,0.6084299601411749,138,6,1809
2025-09-09,Display,13,16,0.5253158062667423,127,4,987
2025-09-10,Organic Search,124,144,0.6751831125127377,131,25,11658
2025-09-10,Direct,40,48,0.5814526426600749,134,9,7871
2025-09-10,Social,38,41,0.8080620381995453,156,11,2794
2025-09-10,Email,33,35,0.8615283196139564,223,22,4438
2025-09-10,Paid Search,32,38,0.5972428551383107,161,17,6666
2025-09-10,Referral,17,18,0.5812317354475535,131,3,1103
2025-09-10,Display,10,12,0.5470029877968072,86,4,1200
2025-09-11,Organic Search,101,125,0.6741356742366982,129,17,10768
2025-09-11,Direct,78,97,0.6839839258969613,135,8,8533
2025-09-11,Social,60,65,0.7910976438482328,205,7,1219
2025-09-11,Email,23,28,0.75288807627487,184,23,5855
2025-09-11,Paid Search,32,40,0.625095010789496,136,12,4972
2025-09-11,Referral,13,13,0.570722398630668,115,10,814
2025-09-11,Display,11,13,0.5006868029905042,85,7,1855
2025-09-12,Organic Search,141,153,0.6645480346222249,146,20,13228
2025-09-12,Direct,58,60,0.6210355976713103,97,12,8256
2025-09-12,Social,45,60,0.8342316225108206,183,6,3629
2025-09-12,Email,37,43,0.7495809952867275,208,21,3764
2025-09-12,Paid Search,29,29,0.6247603143360903,159,12,4926
2025-09-12,Referral,18,22,0.5110950865388179,128,4,675
2025-09-12,Display,21,25,0.5745175975168273,128,6,1633
