date,page_path_and_screen_class,views,sessions,engaged_sessions,engagement_rate,average_engagement_time_per_session,conversions
2025-06-14,/,230,190,126,0.6631578947368421,60,4
2025-06-14,/precatorios,139,121,91,0.7520661157024794,234,11
2025-06-14,/precatorios/como-receber,122,182,130,0.7142857142857143,123,7
2025-06-14,/precatorios/tipos,106,99,72,0.7272727272727273,123,8
2025-06-14,/precatorios/calculadora,120,166,125,0.7530120481927711,173,7
2025-06-14,/blog,124,139,103,0.7410071942446043,151,4
2025-06-14,/blog/o-que-sao-precatorios,182,139,97,0.697841726618705,139,7
2025-06-14,/blog/direitos-precatórios,150,89,63,0.7078651685393258,247,3
2025-06-14,/blog/leis-precatorias,103,96,75,0.78125,161,6
2025-06-14,/contato,81,46,41,0.8913043478260869,276,9
2025-06-14,/sobre,51,35,25,0.7142857142857143,139,3
2025-06-14,/servicos,45,34,25,0.7352941176470589,238,10
2025-06-14,/servicos/consultoria,28,35,25,0.7142857142857143,108,3
2025-06-14,/servicos/advocacia,55,46,28,0.6086956521739131,105,3
2025-06-14,/casos-de-sucesso,34,22,15,0.6818181818181818,81,2
2025-06-14,/duvidas-frequentes,39,58,38,0.6551724137931034,141,3
2025-06-15,/,377,270,158,0.5851851851851851,47,7
2025-06-15,/precatorios,139,114,75,0.6578947368421053,236,9
2025-06-15,/precatorios/como-receber,196,133,90,0.6766917293233082,183,9
2025-06-15,/precatorios/tipos,179,146,98,0.6712328767123288,137,7
2025-06-15,/precatorios/calculadora,158,130,95,0.7307692307692307,215,8
2025-06-15,/blog,83,95,72,0.7578947368421053,206,2
2025-06-15,/blog/o-que-sao-precatorios,149,138,91,0.6594202898550725,126,11
2025-06-15,/blog/direitos-precatórios,75,76,60,0.7894736842105263,258,8
2025-06-15,/blog/leis-precatorias,65,106,80,0.7547169811320755,269,7
2025-06-15,/contato,55,69,60,0.8695652173913043,182,8
2025-06-15,/sobre,62,41,29,0.7073170731707317,103,2
2025-06-15,/servicos,67,72,55,0.7638888888888888,180,13
2025-06-15,/servicos/consultoria,55,32,21,0.65625,73,3
2025-06-15,/servicos/advocacia,56,34,21,0.6176470588235294,80,1
2025-06-15,/casos-de-sucesso,48,57,34,0.5964912280701754,106,3
2025-06-15,/duvidas-frequentes,35,23,14,0.6086956521739131,132,1
2025-06-16,/,230,295,198,0.6711864406779661,79,4
2025-06-16,/precatorios,105,158,114,0.7215189873417721,190,6
2025-06-16,/precatorios/como-receber,159,188,146,0.776595744680851,174,8
2025-06-16,/precatorios/tipos,139,95,71,0.7473684210526316,171,9
2025-06-16,/precatorios/calculadora,200,151,107,0.7086092715231788,186,10
2025-06-16,/blog,67,78,57,0.7307692307692307,236,2
2025-06-16,/blog/o-que-sao-precatorios,179,164,112,0.6829268292682927,148,6
2025-06-16,/blog/direitos-precatórios,67,155,123,0.7935483870967742,208,3
2025-06-16,/blog/leis-precatorias,56,91,64,0.7032967032967034,210,4
2025-06-16,/contato,70,48,39,0.8125,326,14
2025-06-16,/sobre,43,56,40,0.7142857142857143,84,2
2025-06-16,/servicos,39,52,42,0.8076923076923077,285,12
2025-06-16,/servicos/consultoria,28,28,17,0.6071428571428571,103,2
2025-06-16,/servicos/advocacia,41,35,22,0.6285714285714286,117,2
2025-06-16,/casos-de-sucesso,59,38,24,0.631578947368421,91,2
2025-06-16,/duvidas-frequentes,45,24,14,0.5833333333333334,129,1
2025-06-17,/,225,235,135,0.574468085106383,76,6
2025-06-17,/precatorios,117,130,102,0.7846153846153846,141,8
2025-06-17,/precatorios/como-receber,115,160,110,0.6875,220,13
2025-06-17,/precatorios/tipos,134,108,76,0.7037037037037037,213,10
2025-06-17,/precatorios/calculadora,147,150,114,0.76,139,6
2025-06-17,/blog,79,65,55,0.8461538461538461,298,5
2025-06-17,/blog/o-que-sao-precatorios,104,125,82,0.656,194,9
2025-06-17,/blog/direitos-precatórios,132,131,94,0.7175572519083969,280,3
2025-06-17,/blog/leis-precatorias,69,50,39,0.78,210,5
2025-06-17,/contato,43,46,38,0.8260869565217391,190,7
2025-06-17,/sobre,52,43,31,0.7209302325581395,86,4
2025-06-17,/servicos,64,60,48,0.8,345,14
2025-06-17,/servicos/consultoria,54,42,31,0.7380952380952381,69,1
2025-06-17,/servicos/advocacia,59,31,18,0.5806451612903226,87,3
2025-06-17,/casos-de-sucesso,28,38,28,0.7368421052631579,91,3
2025-06-17,/duvidas-frequentes,36,27,18,0.6666666666666666,129,2
2025-06-18,/,423,249,162,0.6506024096385542,80,6
2025-06-18,/precatorios,187,104,82,0.7884615384615384,137,8
2025-06-18,/precatorios/como-receber,131,118,90,0.7627118644067796,139,9
2025-06-18,/precatorios/tipos,153,188,128,0.6808510638297872,163,8
2025-06-18,/precatorios/calculadora,201,183,142,0.7759562841530054,184,10
2025-06-18,/blog,75,47,33,0.7021276595744681,258,4
2025-06-18,/blog/o-que-sao-precatorios,113,96,67,0.6979166666666666,136,11
2025-06-18,/blog/direitos-precatórios,89,70,56,0.8,291,5
2025-06-18,/blog/leis-precatorias,101,38,27,0.7105263157894737,188,5
2025-06-18,/contato,43,60,50,0.8333333333333334,217,14
2025-06-18,/sobre,37,28,18,0.6428571428571429,65,4
2025-06-18,/servicos,42,40,34,0.85,270,11
2025-06-18,/servicos/consultoria,34,37,27,0.7297297297297297,82,4
2025-06-18,/servicos/advocacia,25,31,22,0.7096774193548387,102,4
2025-06-18,/casos-de-sucesso,40,39,24,0.6153846153846154,149,1
2025-06-18,/duvidas-frequentes,45,22,16,0.7272727272727273,88,2
2025-06-19,/,427,366,217,0.592896174863388,59,6
2025-06-19,/precatorios,86,146,99,0.678082191780822,162,6
2025-06-19,/precatorios/como-receber,93,108,75,0.6944444444444444,185,7
2025-06-19,/precatorios/tipos,165,140,98,0.7,123,5
2025-06-19,/precatorios/calculadora,116,98,72,0.7346938775510204,153,5
2025-06-19,/blog,73,140,107,0.7642857142857142,230,6
2025-06-19,/blog/o-que-sao-precatorios,185,162,107,0.6604938271604939,235,10
2025-06-19,/blog/direitos-precatórios,83,87,61,0.7011494252873564,261,2
2025-06-19,/blog/leis-precatorias,117,114,91,0.7982456140350878,200,5
2025-06-19,/contato,68,39,34,0.8717948717948718,264,12
2025-06-19,/sobre,33,42,28,0.6666666666666666,145,4
2025-06-19,/servicos,66,66,56,0.8484848484848485,321,10
2025-06-19,/servicos/consultoria,31,41,28,0.6829268292682927,108,2
2025-06-19,/servicos/advocacia,43,47,31,0.6595744680851063,60,3
2025-06-19,/casos-de-sucesso,35,29,19,0.6551724137931034,134,3
2025-06-19,/duvidas-frequentes,61,56,37,0.6607142857142857,87,5
2025-06-20,/,342,288,170,0.5902777777777778,87,7
2025-06-20,/precatorios,110,119,89,0.7478991596638656,148,11
2025-06-20,/precatorios/como-receber,115,100,65,0.65,151,8
2025-06-20,/precatorios/tipos,168,93,67,0.7204301075268817,233,10
2025-06-20,/precatorios/calculadora,195,129,97,0.751937984496124,169,10
2025-06-20,/blog,116,87,62,0.7126436781609196,151,3
2025-06-20,/blog/o-que-sao-precatorios,207,149,101,0.6778523489932886,222,11
2025-06-20,/blog/direitos-precatórios,128,114,81,0.7105263157894737,213,3
2025-06-20,/blog/leis-precatorias,101,58,47,0.8103448275862069,285,6
2025-06-20,/contato,65,68,57,0.8382352941176471,309,15
2025-06-20,/sobre,48,41,30,0.7317073170731707,120,4
2025-06-20,/servicos,63,56,49,0.875,250,16
2025-06-20,/servicos/consultoria,35,35,23,0.6571428571428571,96,2
2025-06-20,/servicos/advocacia,47,49,31,0.6326530612244898,129,2
2025-06-20,/casos-de-sucesso,28,27,17,0.6296296296296297,148,2
2025-06-20,/duvidas-frequentes,34,23,15,0.6521739130434783,102,4
2025-06-21,/,302,204,118,0.5784313725490197,71,5
2025-06-21,/precatorios,169,140,110,0.7857142857142857,122,10
2025-06-21,/precatorios/como-receber,164,135,96,0.7111111111111111,120,7
2025-06-21,/precatorios/tipos,148,150,116,0.7733333333333333,226,9
2025-06-21,/precatorios/calculadora,187,177,136,0.768361581920904,234,8
2025-06-21,/blog,93,60,44,0.7333333333333333,274,2
2025-06-21,/blog/o-que-sao-precatorios,165,147,110,0.7482993197278912,222,9
2025-06-21,/blog/direitos-precatórios,157,72,60,0.8333333333333334,182,7
2025-06-21,/blog/leis-precatorias,96,39,32,0.8205128205128205,294,6
2025-06-21,/contato,34,33,28,0.8484848484848485,214,12
2025-06-21,/sobre,40,28,17,0.6071428571428571,101,3
2025-06-21,/servicos,69,55,44,0.8,277,11
2025-06-21,/servicos/consultoria,42,31,22,0.7096774193548387,120,1
2025-06-21,/servicos/advocacia,50,21,16,0.7619047619047619,104,2
2025-06-21,/casos-de-sucesso,26,22,15,0.6818181818181818,91,2
2025-06-21,/duvidas-frequentes,21,26,16,0.6153846153846154,120,1
2025-06-22,/,420,299,185,0.6187290969899666,61,6
2025-06-22,/precatorios,133,184,136,0.7391304347826086,215,12
2025-06-22,/precatorios/como-receber,127,122,97,0.7950819672131147,133,11
2025-06-22,/precatorios/tipos,120,151,110,0.7284768211920529,236,10
2025-06-22,/precatorios/calculadora,132,101,67,0.6633663366336634,208,11
2025-06-22,/blog,150,88,62,0.7045454545454546,227,8
2025-06-22,/blog/o-que-sao-precatorios,154,91,70,0.7692307692307693,192,10
2025-06-22,/blog/direitos-precatórios,51,83,64,0.7710843373493976,244,2
2025-06-22,/blog/leis-precatorias,95,106,79,0.7452830188679245,257,5
2025-06-22,/contato,52,71,63,0.8873239436619719,342,16
2025-06-22,/sobre,40,58,36,0.6206896551724138,126,4
2025-06-22,/servicos,87,77,63,0.8181818181818182,331,13
2025-06-22,/servicos/consultoria,42,35,25,0.7142857142857143,71,3
2025-06-22,/servicos/advocacia,46,32,23,0.71875,132,3
2025-06-22,/casos-de-sucesso,46,24,16,0.6666666666666666,101,2
2025-06-22,/duvidas-frequentes,61,39,25,0.6410256410256411,93,4
2025-06-23,/,288,264,167,0.6325757575757576,78,4
2025-06-23,/precatorios,113,123,93,0.7560975609756098,182,10
2025-06-23,/precatorios/como-receber,165,101,75,0.7425742574257426,202,9
2025-06-23,/precatorios/tipos,167,151,116,0.7682119205298014,131,8
2025-06-23,/precatorios/calculadora,103,113,85,0.7522123893805309,159,8
2025-06-23,/blog,109,81,62,0.7654320987654321,285,4
2025-06-23,/blog/o-que-sao-precatorios,134,140,97,0.6928571428571428,209,8
2025-06-23,/blog/direitos-precatórios,77,76,56,0.7368421052631579,180,3
2025-06-23,/blog/leis-precatorias,104,69,56,0.8115942028985508,197,4
2025-06-23,/contato,54,66,52,0.7878787878787878,330,12
2025-06-23,/sobre,36,41,26,0.6341463414634146,106,2
2025-06-23,/servicos,49,29,25,0.8620689655172413,212,9
2025-06-23,/servicos/consultoria,24,22,15,0.6818181818181818,149,2
2025-06-23,/servicos/advocacia,56,29,21,0.7241379310344828,133,3
2025-06-23,/casos-de-sucesso,59,57,37,0.6491228070175439,83,1
2025-06-23,/duvidas-frequentes,38,50,30,0.6,68,4
2025-06-24,/,388,252,160,0.6349206349206349,88,4
2025-06-24,/precatorios,116,106,81,0.7641509433962265,158,6
2025-06-24,/precatorios/como-receber,155,124,91,0.7338709677419355,173,12
2025-06-24,/precatorios/tipos,153,147,100,0.6802721088435374,186,7
2025-06-24,/precatorios/calculadora,148,137,95,0.6934306569343066,195,8
2025-06-24,/blog,84,111,88,0.7927927927927928,175,3
2025-06-24,/blog/o-que-sao-precatorios,159,103,71,0.6893203883495146,130,6
2025-06-24,/blog/direitos-precatórios,71,59,46,0.7796610169491526,190,2
2025-06-24,/blog/leis-precatorias,86,86,69,0.8023255813953488,270,3
2025-06-24,/contato,50,59,46,0.7796610169491526,252,17
2025-06-24,/sobre,25,31,22,0.7096774193548387,140,2
2025-06-24,/servicos,56,35,29,0.8285714285714286,345,8
2025-06-24,/servicos/consultoria,35,26,16,0.6153846153846154,81,2
2025-06-24,/servicos/advocacia,47,55,34,0.6181818181818182,148,3
2025-06-24,/casos-de-sucesso,54,42,28,0.6666666666666666,123,5
2025-06-24,/duvidas-frequentes,30,25,18,0.72,101,3
2025-06-25,/,209,202,117,0.5792079207920792,88,3
2025-06-25,/precatorios,183,115,84,0.7304347826086957,217,11
2025-06-25,/precatorios/como-receber,103,126,92,0.7301587301587301,176,6
2025-06-25,/precatorios/tipos,112,150,107,0.7133333333333334,224,8
2025-06-25,/precatorios/calculadora,115,156,109,0.6987179487179487,162,8
2025-06-25,/blog,125,53,44,0.8301886792452831,234,5
2025-06-25,/blog/o-que-sao-precatorios,224,182,126,0.6923076923076923,240,10
2025-06-25,/blog/direitos-precatórios,143,112,79,0.7053571428571429,172,4
2025-06-25,/blog/leis-precatorias,83,87,62,0.7126436781609196,253,6
2025-06-25,/contato,36,63,51,0.8095238095238095,193,9
2025-06-25,/sobre,66,51,35,0.6862745098039216,123,5
2025-06-25,/servicos,37,42,32,0.7619047619047619,213,10
2025-06-25,/servicos/consultoria,43,44,27,0.6136363636363636,140,2
2025-06-25,/servicos/advocacia,39,47,32,0.6808510638297872,130,5
2025-06-25,/casos-de-sucesso,30,36,26,0.7222222222222222,74,4
2025-06-25,/duvidas-frequentes,34,34,23,0.6764705882352942,97,3
2025-06-26,/,310,303,211,0.6963696369636964,60,6
2025-06-26,/precatorios,204,130,91,0.7,237,12
2025-06-26,/precatorios/como-receber,164,106,82,0.7735849056603774,155,11
2025-06-26,/precatorios/tipos,128,112,88,0.7857142857142857,184,6
2025-06-26,/precatorios/calculadora,97,122,93,0.7622950819672131,227,10
2025-06-26,/blog,131,137,105,0.7664233576642335,188,6
2025-06-26,/blog/o-que-sao-precatorios,140,126,88,0.6984126984126984,190,10
2025-06-26,/blog/direitos-precatórios,102,79,60,0.759493670886076,232,3
2025-06-26,/blog/leis-precatorias,133,72,56,0.7777777777777778,209,5
2025-06-26,/contato,44,56,48,0.8571428571428571,277,13
2025-06-26,/sobre,29,45,33,0.7333333333333333,76,3
2025-06-26,/servicos,53,73,56,0.7671232876712328,296,8
2025-06-26,/servicos/consultoria,40,57,41,0.7192982456140351,79,2
2025-06-26,/servicos/advocacia,45,32,20,0.625,148,3
2025-06-26,/casos-de-sucesso,35,51,37,0.7254901960784313,128,5
2025-06-26,/duvidas-frequentes,42,50,36,0.72,64,1
2025-06-27,/,321,309,216,0.6990291262135923,50,7
2025-06-27,/precatorios,134,204,154,0.7549019607843137,132,11
2025-06-27,/precatorios/como-receber,102,108,85,0.7870370370370371,125,7
2025-06-27,/precatorios/tipos,121,144,101,0.7013888888888888,175,7
2025-06-27,/precatorios/calculadora,142,171,122,0.7134502923976608,207,13
2025-06-27,/blog,66,60,43,0.7166666666666667,247,6
2025-06-27,/blog/o-que-sao-precatorios,202,130,94,0.7230769230769231,194,7
2025-06-27,/blog/direitos-precatórios,82,107,85,0.794392523364486,267,4
2025-06-27,/blog/leis-precatorias,122,41,34,0.8292682926829268,269,4
2025-06-27,/contato,83,50,37,0.74,268,13
2025-06-27,/sobre,54,40,26,0.65,98,3
2025-06-27,/servicos,61,62,48,0.7741935483870968,277,12
2025-06-27,/servicos/consultoria,43,40,24,0.6,144,4
2025-06-27,/servicos/advocacia,44,23,16,0.6956521739130435,147,1
2025-06-27,/casos-de-sucesso,54,38,27,0.7105263157894737,89,3
2025-06-27,/duvidas-frequentes,38,34,23,0.6764705882352942,146,2
2025-06-28,/,250,214,127,0.5934579439252337,73,3
2025-06-28,/precatorios,192,151,114,0.7549668874172185,131,8
2025-06-28,/precatorios/como-receber,119,120,81,0.675,136,10
2025-06-28,/precatorios/tipos,152,122,89,0.7295081967213115,236,7
2025-06-28,/precatorios/calculadora,120,122,95,0.7786885245901639,240,9
2025-06-28,/blog,91,92,75,0.8152173913043478,269,3
2025-06-28,/blog/o-que-sao-precatorios,100,101,78,0.7722772277227723,212,9
2025-06-28,/blog/direitos-precatórios,84,97,73,0.7525773195876289,251,2
2025-06-28,/blog/leis-precatorias,68,93,66,0.7096774193548387,244,6
2025-06-28,/contato,46,48,42,0.875,275,7
2025-06-28,/sobre,42,56,33,0.5892857142857143,131,4
2025-06-28,/servicos,64,46,38,0.8260869565217391,298,14
2025-06-28,/servicos/consultoria,48,28,17,0.6071428571428571,64,3
2025-06-28,/servicos/advocacia,60,31,19,0.6129032258064516,128,2
2025-06-28,/casos-de-sucesso,42,44,28,0.6363636363636364,149,3
2025-06-28,/duvidas-frequentes,36,51,35,0.6862745098039216,122,4
2025-06-29,/,269,195,127,0.6512820512820513,58,6
2025-06-29,/precatorios,129,99,77,0.7777777777777778,132,9
2025-06-29,/precatorios/como-receber,161,175,137,0.7828571428571428,202,9
2025-06-29,/precatorios/tipos,119,155,107,0.6903225806451613,135,13
2025-06-29,/precatorios/calculadora,176,113,84,0.7433628318584071,202,12
2025-06-29,/blog,110,41,29,0.7073170731707317,235,3
2025-06-29,/blog/o-que-sao-precatorios,123,172,117,0.6802325581395349,226,12
2025-06-29,/blog/direitos-precatórios,120,71,55,0.7746478873239436,209,4
2025-06-29,/blog/leis-precatorias,134,57,46,0.8070175438596491,150,4
2025-06-29,/contato,45,40,33,0.825,224,8
2025-06-29,/sobre,30,34,20,0.5882352941176471,90,4
2025-06-29,/servicos,41,46,36,0.782608695652174,212,14
2025-06-29,/servicos/consultoria,69,34,24,0.7058823529411765,120,5
2025-06-29,/servicos/advocacia,39,44,30,0.6818181818181818,117,2
2025-06-29,/casos-de-sucesso,26,40,26,0.65,63,1
2025-06-29,/duvidas-frequentes,64,55,36,0.6545454545454545,73,5
2025-06-30,/,346,232,158,0.6810344827586207,65,4
2025-06-30,/precatorios,99,98,67,0.6836734693877551,201,9
2025-06-30,/precatorios/como-receber,161,124,87,0.7016129032258065,196,9
2025-06-30,/precatorios/tipos,135,145,105,0.7241379310344828,175,6
2025-06-30,/precatorios/calculadora,154,84,65,0.7738095238095238,203,9
2025-06-30,/blog,123,140,116,0.8285714285714286,260,6
2025-06-30,/blog/o-que-sao-precatorios,147,163,113,0.6932515337423313,178,10
2025-06-30,/blog/direitos-precatórios,94,127,90,0.7086614173228346,259,4
2025-06-30,/blog/leis-precatorias,146,83,63,0.7590361445783133,189,8
2025-06-30,/contato,69,38,29,0.7631578947368421,201,8
2025-06-30,/sobre,44,24,17,0.7083333333333334,107,2
2025-06-30,/servicos,47,60,51,0.85,285,14
2025-06-30,/servicos/consultoria,51,25,18,0.72,136,3
2025-06-30,/servicos/advocacia,40,24,16,0.6666666666666666,87,2
2025-06-30,/casos-de-sucesso,59,39,28,0.717948717948718,104,4
2025-06-30,/duvidas-frequentes,34,42,28,0.6666666666666666,114,1
2025-07-01,/,341,249,143,0.5742971887550201,89,6
2025-07-01,/precatorios,147,138,90,0.6521739130434783,231,7
2025-07-01,/precatorios/como-receber,170,172,122,0.7093023255813954,138,11
2025-07-01,/precatorios/tipos,206,106,70,0.660377358490566,187,8
2025-07-01,/precatorios/calculadora,148,143,103,0.7202797202797203,140,8
2025-07-01,/blog,85,131,98,0.7480916030534351,295,6
2025-07-01,/blog/o-que-sao-precatorios,110,96,64,0.6666666666666666,216,10
2025-07-01,/blog/direitos-precatórios,66,155,110,0.7096774193548387,263,8
2025-07-01,/blog/leis-precatorias,108,112,88,0.7857142857142857,256,4
2025-07-01,/contato,50,63,48,0.7619047619047619,290,8
2025-07-01,/sobre,51,63,42,0.6666666666666666,99,1
2025-07-01,/servicos,50,55,49,0.8909090909090909,194,6
2025-07-01,/servicos/consultoria,30,33,24,0.7272727272727273,77,2
2025-07-01,/servicos/advocacia,35,35,21,0.6,123,3
2025-07-01,/casos-de-sucesso,40,34,22,0.6470588235294118,150,3
2025-07-01,/duvidas-frequentes,53,42,25,0.5952380952380952,65,4
2025-07-02,/,279,375,258,0.688,65,7
2025-07-02,/precatorios,140,114,86,0.7543859649122807,173,6
2025-07-02,/precatorios/como-receber,132,163,106,0.6503067484662577,161,8
2025-07-02,/precatorios/tipos,167,139,107,0.7697841726618705,237,7
2025-07-02,/precatorios/calculadora,93,122,94,0.7704918032786885,151,7
2025-07-02,/blog,117,90,69,0.7666666666666667,251,4
2025-07-02,/blog/o-que-sao-precatorios,183,125,85,0.68,219,6
2025-07-02,/blog/direitos-precatórios,55,103,81,0.7864077669902912,285,6
2025-07-02,/blog/leis-precatorias,79,95,71,0.7473684210526316,187,4
2025-07-02,/contato,41,39,31,0.7948717948717948,224,8
2025-07-02,/sobre,31,35,25,0.7142857142857143,140,5
2025-07-02,/servicos,72,65,55,0.8461538461538461,324,12
2025-07-02,/servicos/consultoria,52,37,24,0.6486486486486487,120,5
2025-07-02,/servicos/advocacia,36,33,22,0.6666666666666666,105,1
2025-07-02,/casos-de-sucesso,41,47,31,0.6595744680851063,67,3
2025-07-02,/duvidas-frequentes,40,25,17,0.68,71,4
2025-07-03,/,297,301,190,0.6312292358803987,47,6
2025-07-03,/precatorios,160,160,108,0.675,197,8
2025-07-03,/precatorios/como-receber,161,107,85,0.794392523364486,177,6
2025-07-03,/precatorios/tipos,164,115,83,0.7217391304347827,142,6
2025-07-03,/precatorios/calculadora,135,149,119,0.7986577181208053,187,10
2025-07-03,/blog,148,75,56,0.7466666666666667,222,6
2025-07-03,/blog/o-que-sao-precatorios,137,120,90,0.75,126,10
2025-07-03,/blog/direitos-precatórios,140,137,102,0.7445255474452555,234,3
2025-07-03,/blog/leis-precatorias,125,136,103,0.7573529411764706,214,7
2025-07-03,/contato,59,66,50,0.7575757575757576,349,11
2025-07-03,/sobre,44,39,29,0.7435897435897436,149,4
2025-07-03,/servicos,45,38,30,0.7894736842105263,276,11
2025-07-03,/servicos/consultoria,33,28,20,0.7142857142857143,114,4
2025-07-03,/servicos/advocacia,29,51,32,0.6274509803921569,87,4
2025-07-03,/casos-de-sucesso,47,28,18,0.6428571428571429,77,2
2025-07-03,/duvidas-frequentes,31,43,31,0.7209302325581395,72,1
2025-07-04,/,313,241,154,0.6390041493775933,54,4
2025-07-04,/precatorios,123,169,130,0.7692307692307693,141,11
2025-07-04,/precatorios/como-receber,172,105,74,0.7047619047619048,206,12
2025-07-04,/precatorios/tipos,121,137,101,0.7372262773722628,216,10
2025-07-04,/precatorios/calculadora,209,153,105,0.6862745098039216,150,8
2025-07-04,/blog,141,99,82,0.8282828282828283,199,4
2025-07-04,/blog/o-que-sao-precatorios,181,158,126,0.7974683544303798,179,11
2025-07-04,/blog/direitos-precatórios,85,93,72,0.7741935483870968,257,3
2025-07-04,/blog/leis-precatorias,85,138,99,0.717391304347826,214,2
2025-07-04,/contato,78,65,54,0.8307692307692308,206,10
2025-07-04,/sobre,48,31,22,0.7096774193548387,94,5
2025-07-04,/servicos,73,44,38,0.8636363636363636,203,11
2025-07-04,/servicos/consultoria,48,40,29,0.725,113,1
2025-07-04,/servicos/advocacia,40,44,29,0.6590909090909091,109,1
2025-07-04,/casos-de-sucesso,58,43,26,0.6046511627906976,72,4
2025-07-04,/duvidas-frequentes,32,29,17,0.5862068965517241,120,2
2025-07-05,/,329,302,194,0.6423841059602649,50,3
2025-07-05,/precatorios,145,128,99,0.7734375,190,12
2025-07-05,/precatorios/como-receber,148,131,93,0.7099236641221374,219,6
2025-07-05,/precatorios/tipos,147,146,97,0.6643835616438356,150,10
2025-07-05,/precatorios/calculadora,152,142,101,0.7112676056338029,134,10
2025-07-05,/blog,106,113,87,0.7699115044247787,281,6
2025-07-05,/blog/o-que-sao-precatorios,107,89,61,0.6853932584269663,120,8
2025-07-05,/blog/direitos-precatórios,106,84,66,0.7857142857142857,197,8
2025-07-05,/blog/leis-precatorias,134,54,42,0.7777777777777778,242,2
2025-07-05,/contato,64,61,50,0.819672131147541,309,6
2025-07-05,/sobre,55,58,35,0.603448275862069,109,4
2025-07-05,/servicos,59,38,30,0.7894736842105263,197,13
2025-07-05,/servicos/consultoria,36,26,18,0.6923076923076923,102,2
2025-07-05,/servicos/advocacia,30,50,34,0.68,142,2
2025-07-05,/casos-de-sucesso,53,51,35,0.6862745098039216,77,1
2025-07-05,/duvidas-frequentes,54,24,15,0.625,65,3
2025-07-06,/,229,268,185,0.6902985074626866,77,6
2025-07-06,/precatorios,162,144,99,0.6875,216,10
2025-07-06,/precatorios/como-receber,130,132,92,0.696969696969697,219,6
2025-07-06,/precatorios/tipos,180,129,89,0.689922480620155,222,8
2025-07-06,/precatorios/calculadora,171,155,118,0.7612903225806451,234,9
2025-07-06,/blog,81,59,46,0.7796610169491526,277,4
2025-07-06,/blog/o-que-sao-precatorios,134,100,77,0.77,213,7
2025-07-06,/blog/direitos-precatórios,64,108,85,0.7870370370370371,196,7
2025-07-06,/blog/leis-precatorias,100,98,70,0.7142857142857143,233,8
2025-07-06,/contato,60,56,45,0.8035714285714286,289,10
2025-07-06,/sobre,46,39,26,0.6666666666666666,105,3
2025-07-06,/servicos,68,45,34,0.7555555555555555,343,15
2025-07-06,/servicos/consultoria,52,60,43,0.7166666666666667,146,2
2025-07-06,/servicos/advocacia,26,31,22,0.7096774193548387,146,4
2025-07-06,/casos-de-sucesso,31,35,21,0.6,142,4
2025-07-06,/duvidas-frequentes,48,47,34,0.723404255319149,64,2
2025-07-07,/,381,334,202,0.6047904191616766,49,5
2025-07-07,/precatorios,185,151,106,0.7019867549668874,203,8
2025-07-07,/precatorios/como-receber,128,101,66,0.6534653465346535,143,9
2025-07-07,/precatorios/tipos,170,143,112,0.7832167832167832,135,8
2025-07-07,/precatorios/calculadora,209,129,97,0.751937984496124,147,11
2025-07-07,/blog,87,134,112,0.835820895522388,275,4
2025-07-07,/blog/o-que-sao-precatorios,109,101,78,0.7722772277227723,177,6
2025-07-07,/blog/direitos-precatórios,121,87,73,0.8390804597701149,231,6
2025-07-07,/blog/leis-precatorias,80,116,82,0.7068965517241379,288,3
2025-07-07,/contato,63,48,41,0.8541666666666666,343,10
2025-07-07,/sobre,44,50,31,0.62,85,2
2025-07-07,/servicos,53,64,48,0.75,321,12
2025-07-07,/servicos/consultoria,50,28,19,0.6785714285714286,71,1
2025-07-07,/servicos/advocacia,50,53,40,0.7547169811320755,121,5
2025-07-07,/casos-de-sucesso,42,22,13,0.5909090909090909,100,1
2025-07-07,/duvidas-frequentes,47,45,32,0.7111111111111111,104,2
2025-07-08,/,377,361,208,0.5761772853185596,53,6
2025-07-08,/precatorios,185,109,84,0.7706422018348624,186,7
2025-07-08,/precatorios/como-receber,146,117,78,0.6666666666666666,239,12
2025-07-08,/precatorios/tipos,115,120,95,0.7916666666666666,186,7
2025-07-08,/precatorios/calculadora,114,126,85,0.6746031746031746,190,8
2025-07-08,/blog,63,120,89,0.7416666666666667,286,2
2025-07-08,/blog/o-que-sao-precatorios,138,145,98,0.6758620689655173,240,8
2025-07-08,/blog/direitos-precatórios,60,58,46,0.7931034482758621,236,6
2025-07-08,/blog/leis-precatorias,49,43,30,0.6976744186046512,297,4
2025-07-08,/contato,59,69,58,0.8405797101449275,187,16
2025-07-08,/sobre,58,40,28,0.7,98,4
2025-07-08,/servicos,56,61,49,0.8032786885245902,198,8
2025-07-08,/servicos/consultoria,34,49,32,0.6530612244897959,119,2
2025-07-08,/servicos/advocacia,49,33,21,0.6363636363636364,100,4
2025-07-08,/casos-de-sucesso,41,24,17,0.7083333333333334,125,1
2025-07-08,/duvidas-frequentes,38,32,21,0.65625,94,4
2025-07-09,/,267,223,125,0.5605381165919282,63,5
2025-07-09,/precatorios,161,129,88,0.6821705426356589,230,6
2025-07-09,/precatorios/como-receber,158,183,138,0.7540983606557377,144,13
2025-07-09,/precatorios/tipos,127,163,130,0.7975460122699386,179,10
2025-07-09,/precatorios/calculadora,120,133,87,0.6541353383458647,240,7
2025-07-09,/blog,130,118,99,0.8389830508474576,205,7
2025-07-09,/blog/o-que-sao-precatorios,171,113,74,0.6548672566371682,183,12
2025-07-09,/blog/direitos-precatórios,132,130,99,0.7615384615384615,287,2
2025-07-09,/blog/leis-precatorias,51,80,58,0.725,217,4
2025-07-09,/contato,74,66,49,0.7424242424242424,193,12
2025-07-09,/sobre,40,33,20,0.6060606060606061,124,4
2025-07-09,/servicos,78,54,47,0.8703703703703703,339,9
2025-07-09,/servicos/consultoria,37,32,21,0.65625,103,4
2025-07-09,/servicos/advocacia,39,40,27,0.675,111,1
2025-07-09,/casos-de-sucesso,26,23,14,0.6086956521739131,102,4
2025-07-09,/duvidas-frequentes,54,48,30,0.625,125,2
2025-07-10,/,354,325,187,0.5753846153846154,84,6
2025-07-10,/precatorios,146,111,80,0.7207207207207207,185,8
2025-07-10,/precatorios/como-receber,191,190,132,0.6947368421052632,224,7
2025-07-10,/precatorios/tipos,160,143,107,0.7482517482517482,173,11
2025-07-10,/precatorios/calculadora,119,145,95,0.6551724137931034,180,6
2025-07-10,/blog,112,100,78,0.78,163,5
2025-07-10,/blog/o-que-sao-precatorios,176,121,88,0.7272727272727273,212,11
2025-07-10,/blog/direitos-precatórios,174,109,79,0.7247706422018348,212,2
2025-07-10,/blog/leis-precatorias,124,135,96,0.7111111111111111,154,6
2025-07-10,/contato,67,69,53,0.7681159420289855,232,15
2025-07-10,/sobre,67,61,44,0.7213114754098361,67,2
2025-07-10,/servicos,85,56,46,0.8214285714285714,349,17
2025-07-10,/servicos/consultoria,52,41,27,0.6585365853658537,82,4
2025-07-10,/servicos/advocacia,68,50,34,0.68,146,4
2025-07-10,/casos-de-sucesso,49,30,22,0.7333333333333333,95,3
2025-07-10,/duvidas-frequentes,33,35,25,0.7142857142857143,150,2
2025-07-11,/,421,343,213,0.6209912536443148,80,6
2025-07-11,/precatorios,127,98,72,0.7346938775510204,189,8
2025-07-11,/precatorios/como-receber,155,138,109,0.7898550724637681,222,7
2025-07-11,/precatorios/tipos,130,90,62,0.6888888888888889,211,6
2025-07-11,/precatorios/calculadora,158,161,120,0.7453416149068323,215,10
2025-07-11,/blog,68,63,51,0.8095238095238095,219,5
2025-07-11,/blog/o-que-sao-precatorios,183,120,80,0.6666666666666666,198,11
2025-07-11,/blog/direitos-precatórios,107,64,47,0.734375,285,3
2025-07-11,/blog/leis-precatorias,114,64,45,0.703125,255,4
2025-07-11,/contato,83,48,40,0.8333333333333334,215,8
2025-07-11,/sobre,58,31,20,0.6451612903225806,120,4
2025-07-11,/servicos,47,47,37,0.7872340425531915,345,7
2025-07-11,/servicos/consultoria,31,38,25,0.6578947368421053,64,2
2025-07-11,/servicos/advocacia,51,33,24,0.7272727272727273,64,4
2025-07-11,/casos-de-sucesso,53,32,23,0.71875,97,1
2025-07-11,/duvidas-frequentes,30,48,33,0.6875,73,4
2025-07-12,/,298,315,220,0.6984126984126984,79,6
2025-07-12,/precatorios,113,149,107,0.7181208053691275,144,11
2025-07-12,/precatorios/como-receber,122,141,95,0.6737588652482269,178,11
2025-07-12,/precatorios/tipos,157,134,87,0.6492537313432836,163,14
2025-07-12,/precatorios/calculadora,158,187,140,0.7486631016042781,144,8
2025-07-12,/blog,150,148,123,0.831081081081081,259,7
2025-07-12,/blog/o-que-sao-precatorios,133,95,67,0.7052631578947368,132,6
2025-07-12,/blog/direitos-precatórios,73,115,85,0.7391304347826086,213,2
2025-07-12,/blog/leis-precatorias,93,106,77,0.7264150943396226,218,5
2025-07-12,/contato,47,28,22,0.7857142857142857,272,8
2025-07-12,/sobre,33,35,23,0.6571428571428571,80,5
2025-07-12,/servicos,75,56,48,0.8571428571428571,343,12
2025-07-12,/servicos/consultoria,55,41,26,0.6341463414634146,77,5
2025-07-12,/servicos/advocacia,36,54,38,0.7037037037037037,137,4
2025-07-12,/casos-de-sucesso,60,61,43,0.7049180327868853,145,3
2025-07-12,/duvidas-frequentes,43,29,19,0.6551724137931034,127,4
2025-07-13,/,300,411,233,0.5669099756690997,80,6
2025-07-13,/precatorios,154,141,95,0.6737588652482269,161,11
2025-07-13,/precatorios/como-receber,170,149,99,0.6644295302013423,146,11
2025-07-13,/precatorios/tipos,161,140,93,0.6642857142857143,185,8
2025-07-13,/precatorios/calculadora,126,175,117,0.6685714285714286,173,11
2025-07-13,/blog,115,49,38,0.7755102040816326,228,2
2025-07-13,/blog/o-que-sao-precatorios,169,137,106,0.7737226277372263,215,8
2025-07-13,/blog/direitos-precatórios,105,45,32,0.7111111111111111,238,2
2025-07-13,/blog/leis-precatorias,136,60,50,0.8333333333333334,167,6
2025-07-13,/contato,48,60,49,0.8166666666666667,214,16
2025-07-13,/sobre,46,44,29,0.6590909090909091,108,4
2025-07-13,/servicos,52,80,62,0.775,269,10
2025-07-13,/servicos/consultoria,34,45,30,0.6666666666666666,88,1
2025-07-13,/servicos/advocacia,30,49,32,0.6530612244897959,129,5
2025-07-13,/casos-de-sucesso,53,41,30,0.7317073170731707,91,4
2025-07-13,/duvidas-frequentes,39,26,17,0.6538461538461539,74,1
2025-07-14,/,403,258,151,0.5852713178294574,49,5
2025-07-14,/precatorios,157,84,59,0.7023809523809523,206,10
2025-07-14,/precatorios/como-receber,93,106,81,0.7641509433962265,171,8
2025-07-14,/precatorios/tipos,149,183,125,0.6830601092896175,230,13
2025-07-14,/precatorios/calculadora,124,125,90,0.72,157,8
2025-07-14,/blog,151,124,93,0.75,232,4
2025-07-14,/blog/o-que-sao-precatorios,159,124,99,0.7983870967741935,186,8
2025-07-14,/blog/direitos-precatórios,113,91,68,0.7472527472527473,292,7
2025-07-14,/blog/leis-precatorias,138,64,51,0.796875,259,6
2025-07-14,/contato,58,30,27,0.9,344,10
2025-07-14,/sobre,67,48,33,0.6875,112,2
2025-07-14,/servicos,66,66,51,0.7727272727272727,317,16
2025-07-14,/servicos/consultoria,47,42,27,0.6428571428571429,150,2
2025-07-14,/servicos/advocacia,53,25,17,0.68,113,2
2025-07-14,/casos-de-sucesso,47,36,23,0.6388888888888888,102,1
2025-07-14,/duvidas-frequentes,60,52,31,0.5961538461538461,84,1
2025-07-15,/,346,349,227,0.6504297994269341,83,4
2025-07-15,/precatorios,125,131,100,0.7633587786259542,195,13
2025-07-15,/precatorios/como-receber,209,182,124,0.6813186813186813,146,14
2025-07-15,/precatorios/tipos,160,145,114,0.7862068965517242,121,8
2025-07-15,/precatorios/calculadora,133,113,86,0.7610619469026548,216,10
2025-07-15,/blog,81,134,105,0.7835820895522388,202,5
2025-07-15,/blog/o-que-sao-precatorios,122,150,105,0.7,156,8
2025-07-15,/blog/direitos-precatórios,113,117,93,0.7948717948717948,228,4
2025-07-15,/blog/leis-precatorias,108,124,102,0.8225806451612904,269,3
2025-07-15,/contato,76,60,53,0.8833333333333333,274,13
2025-07-15,/sobre,50,24,16,0.6666666666666666,88,2
2025-07-15,/servicos,33,41,34,0.8292682926829268,329,11
2025-07-15,/servicos/consultoria,35,26,16,0.6153846153846154,89,3
2025-07-15,/servicos/advocacia,42,57,38,0.6666666666666666,147,4
2025-07-15,/casos-de-sucesso,43,56,41,0.7321428571428571,142,5
2025-07-15,/duvidas-frequentes,60,36,25,0.6944444444444444,105,2
2025-07-16,/,243,311,193,0.6205787781350482,79,3
2025-07-16,/precatorios,160,90,69,0.7666666666666667,129,12
2025-07-16,/precatorios/como-receber,195,100,76,0.76,172,7
2025-07-16,/precatorios/tipos,167,110,72,0.6545454545454545,139,5
2025-07-16,/precatorios/calculadora,106,128,92,0.71875,127,8
2025-07-16,/blog,113,112,94,0.8392857142857143,273,6
2025-07-16,/blog/o-que-sao-precatorios,163,92,59,0.6413043478260869,190,9
2025-07-16,/blog/direitos-precatórios,61,55,43,0.7818181818181819,220,7
2025-07-16,/blog/leis-precatorias,97,53,40,0.7547169811320755,260,3
2025-07-16,/contato,51,45,37,0.8222222222222222,241,11
2025-07-16,/sobre,66,43,31,0.7209302325581395,94,5
2025-07-16,/servicos,48,62,55,0.8870967741935484,297,11
2025-07-16,/servicos/consultoria,43,46,32,0.6956521739130435,70,1
2025-07-16,/servicos/advocacia,28,44,29,0.6590909090909091,130,4
2025-07-16,/casos-de-sucesso,28,22,15,0.6818181818181818,70,4
2025-07-16,/duvidas-frequentes,57,47,32,0.6808510638297872,72,1
2025-07-17,/,278,252,172,0.6825396825396826,89,6
2025-07-17,/precatorios,144,102,80,0.7843137254901961,207,8
2025-07-17,/precatorios/como-receber,191,183,136,0.7431693989071039,142,14
2025-07-17,/precatorios/tipos,156,103,81,0.7864077669902912,195,7
2025-07-17,/precatorios/calculadora,172,123,97,0.7886178861788617,158,6
2025-07-17,/blog,117,72,56,0.7777777777777778,249,7
2025-07-17,/blog/o-que-sao-precatorios,147,115,81,0.7043478260869566,214,6
2025-07-17,/blog/direitos-precatórios,158,158,112,0.7088607594936709,238,2
2025-07-17,/blog/leis-precatorias,73,118,86,0.7288135593220338,169,5
2025-07-17,/contato,74,64,47,0.734375,249,16
2025-07-17,/sobre,49,32,21,0.65625,108,4
2025-07-17,/servicos,60,69,53,0.7681159420289855,338,14
2025-07-17,/servicos/consultoria,47,31,19,0.6129032258064516,79,5
2025-07-17,/servicos/advocacia,36,49,31,0.6326530612244898,73,2
2025-07-17,/casos-de-sucesso,26,44,29,0.6590909090909091,94,2
2025-07-17,/duvidas-frequentes,38,32,20,0.625,117,5
2025-07-18,/,328,275,154,0.56,80,5
2025-07-18,/precatorios,154,146,112,0.7671232876712328,230,7
2025-07-18,/precatorios/como-receber,109,137,97,0.708029197080292,219,7
2025-07-18,/precatorios/tipos,166,140,109,0.7785714285714286,151,9
2025-07-18,/precatorios/calculadora,159,107,80,0.7476635514018691,141,6
2025-07-18,/blog,81,81,59,0.7283950617283951,187,2
2025-07-18,/blog/o-que-sao-precatorios,109,131,90,0.6870229007633588,158,8
2025-07-18,/blog/direitos-precatórios,125,45,34,0.7555555555555555,213,6
2025-07-18,/blog/leis-precatorias,107,114,90,0.7894736842105263,267,2
2025-07-18,/contato,57,63,47,0.746031746031746,281,14
2025-07-18,/sobre,41,36,24,0.6666666666666666,115,2
2025-07-18,/servicos,64,60,50,0.8333333333333334,231,16
2025-07-18,/servicos/consultoria,43,32,23,0.71875,100,3
2025-07-18,/servicos/advocacia,65,44,28,0.6363636363636364,95,5
2025-07-18,/casos-de-sucesso,47,28,21,0.75,85,2
2025-07-18,/duvidas-frequentes,64,25,18,0.72,119,3
2025-07-19,/,306,253,171,0.6758893280632411,49,5
2025-07-19,/precatorios,201,166,111,0.6686746987951807,158,8
2025-07-19,/precatorios/como-receber,115,152,102,0.6710526315789473,174,10
2025-07-19,/precatorios/tipos,169,113,81,0.7168141592920354,196,10
2025-07-19,/precatorios/calculadora,194,156,114,0.7307692307692307,238,13
2025-07-19,/blog,126,90,70,0.7777777777777778,242,5
2025-07-19,/blog/o-que-sao-precatorios,175,171,134,0.783625730994152,133,11
2025-07-19,/blog/direitos-precatórios,69,109,87,0.7981651376146789,192,6
2025-07-19,/blog/leis-precatorias,146,57,45,0.7894736842105263,252,5
2025-07-19,/contato,70,43,32,0.7441860465116279,246,11
2025-07-19,/sobre,68,43,28,0.6511627906976745,110,5
2025-07-19,/servicos,65,40,32,0.8,186,13
2025-07-19,/servicos/consultoria,33,43,28,0.6511627906976745,70,2
2025-07-19,/servicos/advocacia,32,43,27,0.627906976744186,118,2
2025-07-19,/casos-de-sucesso,55,51,33,0.6470588235294118,72,4
2025-07-19,/duvidas-frequentes,45,36,21,0.5833333333333334,65,1
2025-07-20,/,234,286,185,0.6468531468531469,88,4
2025-07-20,/precatorios,175,109,79,0.7247706422018348,190,6
2025-07-20,/precatorios/como-receber,148,169,120,0.7100591715976331,179,7
2025-07-20,/precatorios/tipos,176,198,134,0.6767676767676768,201,12
2025-07-20,/precatorios/calculadora,146,133,86,0.6466165413533834,198,7
2025-07-20,/blog,115,129,98,0.7596899224806202,151,4
2025-07-20,/blog/o-que-sao-precatorios,123,123,93,0.7560975609756098,223,11
2025-07-20,/blog/direitos-precatórios,46,95,67,0.7052631578947368,287,2
2025-07-20,/blog/leis-precatorias,82,73,53,0.726027397260274,179,3
2025-07-20,/contato,65,63,56,0.8888888888888888,260,12
2025-07-20,/sobre,53,31,20,0.6451612903225806,118,2
2025-07-20,/servicos,63,42,36,0.8571428571428571,260,9
2025-07-20,/servicos/consultoria,43,45,27,0.6,107,2
2025-07-20,/servicos/advocacia,62,50,33,0.66,77,4
2025-07-20,/casos-de-sucesso,56,37,24,0.6486486486486487,128,2
2025-07-20,/duvidas-frequentes,32,48,30,0.625,83,3
2025-07-21,/,305,199,135,0.678391959798995,45,6
2025-07-21,/precatorios,96,94,72,0.7659574468085106,191,8
2025-07-21,/precatorios/como-receber,171,142,101,0.7112676056338029,182,8
2025-07-21,/precatorios/tipos,170,130,94,0.7230769230769231,130,9
2025-07-21,/precatorios/calculadora,120,137,94,0.6861313868613139,155,8
2025-07-21,/blog,142,97,70,0.7216494845360825,267,8
2025-07-21,/blog/o-que-sao-precatorios,229,179,131,0.7318435754189944,134,12
2025-07-21,/blog/direitos-precatórios,76,93,75,0.8064516129032258,243,7
2025-07-21,/blog/leis-precatorias,152,51,42,0.8235294117647058,262,6
2025-07-21,/contato,58,68,51,0.75,347,12
2025-07-21,/sobre,36,20,13,0.65,104,1
2025-07-21,/servicos,61,38,32,0.8421052631578947,240,9
2025-07-21,/servicos/consultoria,49,51,31,0.6078431372549019,77,3
2025-07-21,/servicos/advocacia,34,23,16,0.6956521739130435,128,3
2025-07-21,/casos-de-sucesso,56,31,20,0.6451612903225806,150,3
2025-07-21,/duvidas-frequentes,41,37,27,0.7297297297297297,125,1
2025-07-22,/,337,391,268,0.6854219948849105,62,5
2025-07-22,/precatorios,194,109,74,0.6788990825688074,211,8
2025-07-22,/precatorios/como-receber,135,144,104,0.7222222222222222,193,11
2025-07-22,/precatorios/tipos,121,153,109,0.7124183006535948,177,5
2025-07-22,/precatorios/calculadora,181,101,72,0.7128712871287128,215,8
2025-07-22,/blog,162,107,82,0.7663551401869159,274,5
2025-07-22,/blog/o-que-sao-precatorios,200,103,80,0.7766990291262136,228,13
2025-07-22,/blog/direitos-precatórios,52,118,99,0.8389830508474576,241,2
2025-07-22,/blog/leis-precatorias,109,88,64,0.7272727272727273,259,3
2025-07-22,/contato,72,52,42,0.8076923076923077,252,12
2025-07-22,/sobre,51,26,17,0.6538461538461539,122,3
2025-07-22,/servicos,36,31,24,0.7741935483870968,297,6
2025-07-22,/servicos/consultoria,26,26,17,0.6538461538461539,60,3
2025-07-22,/servicos/advocacia,31,25,18,0.72,98,2
2025-07-22,/casos-de-sucesso,48,32,22,0.6875,92,2
2025-07-22,/duvidas-frequentes,54,37,22,0.5945945945945946,140,3
2025-07-23,/,340,367,237,0.6457765667574932,90,4
2025-07-23,/precatorios,117,136,98,0.7205882352941176,136,12
2025-07-23,/precatorios/como-receber,117,142,106,0.7464788732394366,121,5
2025-07-23,/precatorios/tipos,217,153,118,0.7712418300653595,230,10
2025-07-23,/precatorios/calculadora,197,111,79,0.7117117117117117,149,9
2025-07-23,/blog,67,152,125,0.8223684210526315,176,5
2025-07-23,/blog/o-que-sao-precatorios,133,115,77,0.6695652173913044,219,11
2025-07-23,/blog/direitos-precatórios,135,57,45,0.7894736842105263,186,2
2025-07-23,/blog/leis-precatorias,135,135,94,0.6962962962962963,192,6
2025-07-23,/contato,57,44,37,0.8409090909090909,218,12
2025-07-23,/sobre,63,43,26,0.6046511627906976,72,2
2025-07-23,/servicos,52,65,52,0.8,289,13
2025-07-23,/servicos/consultoria,28,32,20,0.625,70,2
2025-07-23,/servicos/advocacia,68,46,33,0.717391304347826,148,1
2025-07-23,/casos-de-sucesso,46,37,25,0.6756756756756757,125,3
2025-07-23,/duvidas-frequentes,55,45,31,0.6888888888888889,90,5
2025-07-24,/,286,208,121,0.5817307692307693,85,3
2025-07-24,/precatorios,143,78,62,0.7948717948717948,239,7
2025-07-24,/precatorios/como-receber,103,124,96,0.7741935483870968,192,8
2025-07-24,/precatorios/tipos,119,129,97,0.751937984496124,217,7
2025-07-24,/precatorios/calculadora,179,89,58,0.651685393258427,128,5
2025-07-24,/blog,90,78,55,0.7051282051282052,165,5
2025-07-24,/blog/o-que-sao-precatorios,160,123,91,0.7398373983739838,184,11
2025-07-24,/blog/direitos-precatórios,123,118,95,0.8050847457627118,171,8
2025-07-24,/blog/leis-precatorias,138,132,104,0.7878787878787878,221,3
2025-07-24,/contato,48,32,26,0.8125,232,7
2025-07-24,/sobre,55,40,26,0.65,141,1
2025-07-24,/servicos,64,67,57,0.8507462686567164,241,8
2025-07-24,/servicos/consultoria,40,27,20,0.7407407407407407,74,4
2025-07-24,/servicos/advocacia,28,41,28,0.6829268292682927,144,2
2025-07-24,/casos-de-sucesso,36,26,18,0.6923076923076923,149,1
2025-07-24,/duvidas-frequentes,40,61,45,0.7377049180327869,126,4
2025-07-25,/,248,271,154,0.5682656826568265,62,3
2025-07-25,/precatorios,166,78,54,0.6923076923076923,174,6
2025-07-25,/precatorios/como-receber,191,112,77,0.6875,193,12
2025-07-25,/precatorios/tipos,95,133,95,0.7142857142857143,166,5
2025-07-25,/precatorios/calculadora,141,140,94,0.6714285714285714,140,6
2025-07-25,/blog,149,58,48,0.8275862068965517,179,4
2025-07-25,/blog/o-que-sao-precatorios,176,140,91,0.65,229,11
2025-07-25,/blog/direitos-precatórios,59,87,61,0.7011494252873564,243,6
2025-07-25,/blog/leis-precatorias,71,69,58,0.8405797101449275,159,6
2025-07-25,/contato,68,50,40,0.8,286,12
2025-07-25,/sobre,49,32,21,0.65625,75,1
2025-07-25,/servicos,51,49,42,0.8571428571428571,191,13
2025-07-25,/servicos/consultoria,29,53,38,0.7169811320754716,99,4
2025-07-25,/servicos/advocacia,29,49,29,0.5918367346938775,85,3
2025-07-25,/casos-de-sucesso,36,31,20,0.6451612903225806,135,4
2025-07-25,/duvidas-frequentes,41,42,26,0.6190476190476191,112,1
2025-07-26,/,331,389,233,0.5989717223650386,89,4
2025-07-26,/precatorios,164,103,79,0.7669902912621359,168,14
2025-07-26,/precatorios/como-receber,157,104,69,0.6634615384615384,187,6
2025-07-26,/precatorios/tipos,164,163,129,0.7914110429447853,138,12
2025-07-26,/precatorios/calculadora,145,108,71,0.6574074074074074,149,13
2025-07-26,/blog,111,93,74,0.7956989247311828,245,5
2025-07-26,/blog/o-que-sao-precatorios,202,104,76,0.7307692307692307,184,7
2025-07-26,/blog/direitos-precatórios,155,112,79,0.7053571428571429,295,2
2025-07-26,/blog/leis-precatorias,119,146,123,0.8424657534246576,210,5
2025-07-26,/contato,48,47,41,0.8723404255319149,280,10
2025-07-26,/sobre,37,42,27,0.6428571428571429,69,2
2025-07-26,/servicos,54,46,36,0.782608695652174,222,16
2025-07-26,/servicos/consultoria,57,45,29,0.6444444444444445,128,4
2025-07-26,/servicos/advocacia,37,50,31,0.62,93,1
2025-07-26,/casos-de-sucesso,36,38,27,0.7105263157894737,98,1
2025-07-26,/duvidas-frequentes,39,44,27,0.6136363636363636,91,4
2025-07-27,/,281,285,158,0.5543859649122806,64,4
2025-07-27,/precatorios,144,111,87,0.7837837837837838,229,11
2025-07-27,/precatorios/como-receber,181,169,116,0.6863905325443787,179,6
2025-07-27,/precatorios/tipos,138,124,80,0.6451612903225806,226,14
2025-07-27,/precatorios/calculadora,119,99,66,0.6666666666666666,171,7
2025-07-27,/blog,150,137,114,0.8321167883211679,171,7
2025-07-27,/blog/o-que-sao-precatorios,191,134,105,0.7835820895522388,129,6
2025-07-27,/blog/direitos-precatórios,68,82,68,0.8292682926829268,263,4
2025-07-27,/blog/leis-precatorias,63,89,63,0.7078651685393258,268,2
2025-07-27,/contato,44,55,48,0.8727272727272727,281,13
2025-07-27,/sobre,21,38,26,0.6842105263157895,82,3
2025-07-27,/servicos,56,49,38,0.7755102040816326,294,10
2025-07-27,/servicos/consultoria,25,35,24,0.6857142857142857,123,4
2025-07-27,/servicos/advocacia,49,43,26,0.6046511627906976,95,3
2025-07-27,/casos-de-sucesso,27,40,25,0.625,127,2
2025-07-27,/duvidas-frequentes,70,27,20,0.7407407407407407,105,5
2025-07-28,/,370,332,199,0.5993975903614458,81,6
2025-07-28,/precatorios,143,119,80,0.6722689075630253,160,10
2025-07-28,/precatorios/como-receber,111,81,63,0.7777777777777778,219,6
2025-07-28,/precatorios/tipos,126,177,129,0.7288135593220338,218,12
2025-07-28,/precatorios/calculadora,148,126,83,0.6587301587301587,204,8
2025-07-28,/blog,70,94,77,0.8191489361702128,164,3
2025-07-28,/blog/o-que-sao-precatorios,197,159,111,0.6981132075471698,227,14
2025-07-28,/blog/direitos-precatórios,62,58,42,0.7241379310344828,231,4
2025-07-28,/blog/leis-precatorias,139,53,43,0.8113207547169812,240,7
2025-07-28,/contato,44,42,37,0.8809523809523809,306,10
2025-07-28,/sobre,39,58,35,0.603448275862069,67,3
2025-07-28,/servicos,57,38,31,0.8157894736842105,180,13
2025-07-28,/servicos/consultoria,31,25,16,0.64,82,3
2025-07-28,/servicos/advocacia,28,23,14,0.6086956521739131,150,2
2025-07-28,/casos-de-sucesso,31,44,32,0.7272727272727273,107,4
2025-07-28,/duvidas-frequentes,34,49,31,0.6326530612244898,77,2
2025-07-29,/,334,322,208,0.6459627329192547,56,6
2025-07-29,/precatorios,138,187,138,0.7379679144385026,142,9
2025-07-29,/precatorios/como-receber,118,108,72,0.6666666666666666,213,5
2025-07-29,/precatorios/tipos,202,173,123,0.7109826589595376,218,11
2025-07-29,/precatorios/calculadora,117,128,94,0.734375,237,13
2025-07-29,/blog,128,73,58,0.7945205479452054,176,6
2025-07-29,/blog/o-que-sao-precatorios,117,131,100,0.7633587786259542,150,8
2025-07-29,/blog/direitos-precatórios,104,76,60,0.7894736842105263,172,8
2025-07-29,/blog/leis-precatorias,130,136,113,0.8308823529411765,264,2
2025-07-29,/contato,57,49,38,0.7755102040816326,197,13
2025-07-29,/sobre,39,28,19,0.6785714285714286,66,4
2025-07-29,/servicos,74,67,60,0.8955223880597015,285,16
2025-07-29,/servicos/consultoria,55,50,33,0.66,72,5
2025-07-29,/servicos/advocacia,40,33,22,0.6666666666666666,64,3
2025-07-29,/casos-de-sucesso,25,41,26,0.6341463414634146,73,1
2025-07-29,/duvidas-frequentes,45,32,23,0.71875,80,1
2025-07-30,/,318,202,121,0.599009900990099,84,6
2025-07-30,/precatorios,177,87,62,0.7126436781609196,203,6
2025-07-30,/precatorios/como-receber,174,143,96,0.6713286713286714,132,8
2025-07-30,/precatorios/tipos,112,101,72,0.7128712871287128,190,10
2025-07-30,/precatorios/calculadora,207,170,117,0.6882352941176471,156,8
2025-07-30,/blog,68,49,34,0.6938775510204082,296,5
2025-07-30,/blog/o-que-sao-precatorios,162,109,71,0.6513761467889908,120,8
2025-07-30,/blog/direitos-precatórios,64,86,70,0.813953488372093,272,4
2025-07-30,/blog/leis-precatorias,62,48,35,0.7291666666666666,224,3
2025-07-30,/contato,64,38,30,0.7894736842105263,281,13
2025-07-30,/sobre,54,38,22,0.5789473684210527,129,4
2025-07-30,/servicos,59,68,59,0.8676470588235294,274,11
2025-07-30,/servicos/consultoria,53,24,15,0.625,119,3
2025-07-30,/servicos/advocacia,33,33,23,0.696969696969697,79,1
2025-07-30,/casos-de-sucesso,25,37,27,0.7297297297297297,112,2
2025-07-30,/duvidas-frequentes,69,30,21,0.7,126,5
2025-07-31,/,439,393,250,0.6361323155216285,60,8
2025-07-31,/precatorios,139,100,71,0.71,229,11
2025-07-31,/precatorios/como-receber,95,141,103,0.7304964539007093,186,11
2025-07-31,/precatorios/tipos,141,138,92,0.6666666666666666,216,7
2025-07-31,/precatorios/calculadora,101,92,73,0.7934782608695652,223,6
2025-07-31,/blog,53,40,31,0.775,261,3
2025-07-31,/blog/o-que-sao-precatorios,151,91,70,0.7692307692307693,153,7
2025-07-31,/blog/direitos-precatórios,138,51,36,0.7058823529411765,292,5
2025-07-31,/blog/leis-precatorias,100,72,59,0.8194444444444444,283,5
2025-07-31,/contato,43,72,62,0.8611111111111112,208,14
2025-07-31,/sobre,35,32,22,0.6875,134,2
2025-07-31,/servicos,41,36,31,0.8611111111111112,317,11
2025-07-31,/servicos/consultoria,45,35,22,0.6285714285714286,122,4
2025-07-31,/servicos/advocacia,22,27,17,0.6296296296296297,78,3
2025-07-31,/casos-de-sucesso,27,47,34,0.723404255319149,102,3
2025-07-31,/duvidas-frequentes,23,44,32,0.7272727272727273,107,1
2025-08-01,/,357,322,191,0.593167701863354,76,4
2025-08-01,/precatorios,112,93,64,0.6881720430107527,215,8
2025-08-01,/precatorios/como-receber,173,114,78,0.6842105263157895,173,9
2025-08-01,/precatorios/tipos,174,96,65,0.6770833333333334,147,11
2025-08-01,/precatorios/calculadora,126,126,96,0.7619047619047619,231,7
2025-08-01,/blog,65,127,103,0.8110236220472441,166,5
2025-08-01,/blog/o-que-sao-precatorios,175,141,100,0.7092198581560284,219,11
2025-08-01,/blog/direitos-precatórios,121,121,85,0.7024793388429752,199,4
2025-08-01,/blog/leis-precatorias,55,75,52,0.6933333333333334,162,4
2025-08-01,/contato,56,56,44,0.7857142857142857,298,14
2025-08-01,/sobre,34,25,15,0.6,122,5
2025-08-01,/servicos,46,58,48,0.8275862068965517,269,11
2025-08-01,/servicos/consultoria,41,46,32,0.6956521739130435,148,2
2025-08-01,/servicos/advocacia,49,27,17,0.6296296296296297,80,3
2025-08-01,/casos-de-sucesso,34,31,22,0.7096774193548387,94,3
2025-08-01,/duvidas-frequentes,50,20,14,0.7,147,1
2025-08-02,/,407,284,183,0.6443661971830986,83,4
2025-08-02,/precatorios,133,127,93,0.7322834645669292,240,8
2025-08-02,/precatorios/como-receber,219,197,136,0.6903553299492385,234,10
2025-08-02,/precatorios/tipos,121,125,85,0.68,179,6
2025-08-02,/precatorios/calculadora,189,158,122,0.7721518987341772,170,10
2025-08-02,/blog,50,36,28,0.7777777777777778,245,5
2025-08-02,/blog/o-que-sao-precatorios,154,140,104,0.7428571428571429,158,9
2025-08-02,/blog/direitos-precatórios,55,92,65,0.7065217391304348,220,6
2025-08-02,/blog/leis-precatorias,90,79,58,0.7341772151898734,226,3
2025-08-02,/contato,53,73,62,0.8493150684931506,194,14
2025-08-02,/sobre,51,35,24,0.6857142857142857,143,5
2025-08-02,/servicos,69,61,53,0.8688524590163934,283,16
2025-08-02,/servicos/consultoria,28,35,22,0.6285714285714286,88,5
2025-08-02,/servicos/advocacia,47,54,34,0.6296296296296297,81,2
2025-08-02,/casos-de-sucesso,45,29,19,0.6551724137931034,93,2
2025-08-02,/duvidas-frequentes,54,33,20,0.6060606060606061,88,4
2025-08-03,/,337,292,176,0.6027397260273972,82,5
2025-08-03,/precatorios,170,112,80,0.7142857142857143,230,11
2025-08-03,/precatorios/como-receber,187,176,139,0.7897727272727273,129,10
2025-08-03,/precatorios/tipos,119,147,98,0.6666666666666666,207,8
2025-08-03,/precatorios/calculadora,154,117,83,0.7094017094017094,231,11
2025-08-03,/blog,58,53,45,0.8490566037735849,237,4
2025-08-03,/blog/o-que-sao-precatorios,138,119,80,0.6722689075630253,230,9
2025-08-03,/blog/direitos-precatórios,61,46,35,0.7608695652173914,195,4
2025-08-03,/blog/leis-precatorias,105,41,29,0.7073170731707317,220,3
2025-08-03,/contato,60,53,43,0.8113207547169812,202,11
2025-08-03,/sobre,60,56,37,0.6607142857142857,121,5
2025-08-03,/servicos,35,32,26,0.8125,275,6
2025-08-03,/servicos/consultoria,48,36,21,0.5833333333333334,60,3
2025-08-03,/servicos/advocacia,41,47,30,0.6382978723404256,73,4
2025-08-03,/casos-de-sucesso,55,40,25,0.625,65,3
2025-08-03,/duvidas-frequentes,45,54,38,0.7037037037037037,136,4
2025-08-04,/,402,289,173,0.5986159169550173,76,7
2025-08-04,/precatorios,171,99,67,0.6767676767676768,236,10
2025-08-04,/precatorios/como-receber,139,84,57,0.6785714285714286,213,6
2025-08-04,/precatorios/tipos,125,91,67,0.7362637362637363,141,6
2025-08-04,/precatorios/calculadora,144,171,131,0.7660818713450293,168,10
2025-08-04,/blog,66,91,72,0.7912087912087912,162,6
2025-08-04,/blog/o-que-sao-precatorios,98,150,116,0.7733333333333333,126,9
2025-08-04,/blog/direitos-precatórios,55,84,64,0.7619047619047619,181,5
2025-08-04,/blog/leis-precatorias,88,114,91,0.7982456140350878,202,8
2025-08-04,/contato,48,64,51,0.796875,205,13
2025-08-04,/sobre,33,48,35,0.7291666666666666,73,1
2025-08-04,/servicos,66,48,41,0.8541666666666666,307,12
2025-08-04,/servicos/consultoria,38,40,28,0.7,85,4
2025-08-04,/servicos/advocacia,44,36,22,0.6111111111111112,130,4
2025-08-04,/casos-de-sucesso,39,54,34,0.6296296296296297,60,1
2025-08-04,/duvidas-frequentes,34,33,23,0.696969696969697,145,5
2025-08-05,/,236,203,135,0.6650246305418719,49,3
2025-08-05,/precatorios,106,138,94,0.6811594202898551,157,6
2025-08-05,/precatorios/como-receber,167,101,66,0.6534653465346535,142,13
2025-08-05,/precatorios/tipos,113,137,96,0.7007299270072993,206,9
2025-08-05,/precatorios/calculadora,184,124,82,0.6612903225806451,217,7
2025-08-05,/blog,58,71,56,0.7887323943661971,193,5
2025-08-05,/blog/o-que-sao-precatorios,159,159,126,0.7924528301886793,154,12
2025-08-05,/blog/direitos-precatórios,63,96,78,0.8125,196,3
2025-08-05,/blog/leis-precatorias,103,98,82,0.8367346938775511,219,5
2025-08-05,/contato,64,56,47,0.8392857142857143,222,8
2025-08-05,/sobre,32,25,18,0.72,80,1
2025-08-05,/servicos,66,65,56,0.8615384615384616,292,9
2025-08-05,/servicos/consultoria,50,46,32,0.6956521739130435,147,2
2025-08-05,/servicos/advocacia,57,55,34,0.6181818181818182,112,5
2025-08-05,/casos-de-sucesso,29,28,17,0.6071428571428571,100,1
2025-08-05,/duvidas-frequentes,65,41,30,0.7317073170731707,145,4
2025-08-06,/,380,356,232,0.651685393258427,84,4
2025-08-06,/precatorios,168,189,143,0.7566137566137566,181,9
2025-08-06,/precatorios/como-receber,186,173,122,0.7052023121387283,227,12
2025-08-06,/precatorios/tipos,165,162,107,0.6604938271604939,202,6
2025-08-06,/precatorios/calculadora,152,138,107,0.7753623188405797,231,6
2025-08-06,/blog,49,88,66,0.75,234,3
2025-08-06,/blog/o-que-sao-precatorios,122,178,122,0.6853932584269663,202,10
2025-08-06,/blog/direitos-precatórios,98,72,51,0.7083333333333334,263,6
2025-08-06,/blog/leis-precatorias,105,55,45,0.8181818181818182,264,4
2025-08-06,/contato,47,66,56,0.8484848484848485,184,8
2025-08-06,/sobre,59,57,34,0.5964912280701754,130,1
2025-08-06,/servicos,42,50,44,0.88,323,9
2025-08-06,/servicos/consultoria,58,47,30,0.6382978723404256,66,3
2025-08-06,/servicos/advocacia,43,35,23,0.6571428571428571,139,4
2025-08-06,/casos-de-sucesso,43,46,28,0.6086956521739131,144,2
2025-08-06,/duvidas-frequentes,21,38,24,0.631578947368421,141,3
2025-08-07,/,365,336,203,0.6041666666666666,51,3
2025-08-07,/precatorios,108,136,91,0.6691176470588235,211,10
2025-08-07,/precatorios/como-receber,170,126,83,0.6587301587301587,198,6
2025-08-07,/precatorios/tipos,144,122,95,0.7786885245901639,170,8
2025-08-07,/precatorios/calculadora,148,106,80,0.7547169811320755,133,11
2025-08-07,/blog,107,52,43,0.8269230769230769,300,3
2025-08-07,/blog/o-que-sao-precatorios,225,167,119,0.7125748502994012,195,11
2025-08-07,/blog/direitos-precatórios,71,115,80,0.6956521739130435,162,6
2025-08-07,/blog/leis-precatorias,89,101,78,0.7722772277227723,280,2
2025-08-07,/contato,46,39,29,0.7435897435897436,348,11
2025-08-07,/sobre,61,50,33,0.66,137,3
2025-08-07,/servicos,68,71,63,0.8873239436619719,255,17
2025-08-07,/servicos/consultoria,37,35,23,0.6571428571428571,149,3
2025-08-07,/servicos/advocacia,64,45,32,0.7111111111111111,130,3
2025-08-07,/casos-de-sucesso,41,38,26,0.6842105263157895,97,4
2025-08-07,/duvidas-frequentes,36,37,25,0.6756756756756757,148,4
2025-08-08,/,313,352,223,0.6335227272727273,82,7
2025-08-08,/precatorios,211,179,124,0.6927374301675978,228,10
2025-08-08,/precatorios/como-receber,106,164,109,0.6646341463414634,168,7
2025-08-08,/precatorios/tipos,97,88,59,0.6704545454545454,216,10
2025-08-08,/precatorios/calculadora,132,139,104,0.7482014388489209,138,13
2025-08-08,/blog,61,141,115,0.8156028368794326,202,6
2025-08-08,/blog/o-que-sao-precatorios,88,115,88,0.7652173913043478,133,8
2025-08-08,/blog/direitos-precatórios,119,122,95,0.7786885245901639,207,6
2025-08-08,/blog/leis-precatorias,126,98,72,0.7346938775510204,223,7
2025-08-08,/contato,36,49,39,0.7959183673469388,260,6
2025-08-08,/sobre,24,37,23,0.6216216216216216,116,2
2025-08-08,/servicos,76,83,71,0.8554216867469879,230,12
2025-08-08,/servicos/consultoria,40,46,29,0.6304347826086957,147,1
2025-08-08,/servicos/advocacia,32,29,20,0.6896551724137931,75,3
2025-08-08,/casos-de-sucesso,22,40,25,0.625,93,2
2025-08-08,/duvidas-frequentes,28,31,18,0.5806451612903226,119,2
2025-08-09,/,299,304,209,0.6875,83,4
2025-08-09,/precatorios,187,160,118,0.7375,204,7
2025-08-09,/precatorios/como-receber,140,140,102,0.7285714285714285,129,10
2025-08-09,/precatorios/tipos,215,147,107,0.7278911564625851,143,11
2025-08-09,/precatorios/calculadora,125,178,120,0.6741573033707865,189,11
2025-08-09,/blog,82,45,34,0.7555555555555555,204,6
2025-08-09,/blog/o-que-sao-precatorios,117,108,76,0.7037037037037037,147,9
2025-08-09,/blog/direitos-precatórios,125,109,84,0.7706422018348624,293,7
2025-08-09,/blog/leis-precatorias,53,62,49,0.7903225806451613,264,4
2025-08-09,/contato,47,31,26,0.8387096774193549,262,11
2025-08-09,/sobre,28,41,26,0.6341463414634146,96,1
2025-08-09,/servicos,65,52,43,0.8269230769230769,310,13
2025-08-09,/servicos/consultoria,52,23,14,0.6086956521739131,143,2
2025-08-09,/servicos/advocacia,42,51,31,0.6078431372549019,72,2
2025-08-09,/casos-de-sucesso,48,18,12,0.6666666666666666,86,2
2025-08-09,/duvidas-frequentes,59,33,20,0.6060606060606061,149,5
2025-08-10,/,243,239,132,0.5523012552301255,90,5
2025-08-10,/precatorios,89,86,57,0.6627906976744186,142,10
2025-08-10,/precatorios/como-receber,142,173,114,0.6589595375722543,225,8
2025-08-10,/precatorios/tipos,133,142,101,0.7112676056338029,200,9
2025-08-10,/precatorios/calculadora,165,138,90,0.6521739130434783,206,6
2025-08-10,/blog,127,49,38,0.7755102040816326,166,7
2025-08-10,/blog/o-que-sao-precatorios,123,115,81,0.7043478260869566,184,7
2025-08-10,/blog/direitos-precatórios,84,129,96,0.7441860465116279,172,4
2025-08-10,/blog/leis-precatorias,144,99,74,0.7474747474747475,157,5
2025-08-10,/contato,56,78,61,0.782051282051282,280,13
2025-08-10,/sobre,28,35,24,0.6857142857142857,142,3
2025-08-10,/servicos,34,58,51,0.8793103448275862,216,7
2025-08-10,/servicos/consultoria,28,23,15,0.6521739130434783,110,2
2025-08-10,/servicos/advocacia,49,39,27,0.6923076923076923,104,3
2025-08-10,/casos-de-sucesso,60,64,40,0.625,83,3
2025-08-10,/duvidas-frequentes,46,38,23,0.6052631578947368,145,1
2025-08-11,/,318,280,180,0.6428571428571429,49,4
2025-08-11,/precatorios,156,82,56,0.6829268292682927,145,9
2025-08-11,/precatorios/como-receber,183,159,126,0.7924528301886793,165,7
2025-08-11,/precatorios/tipos,213,199,136,0.6834170854271356,156,12
2025-08-11,/precatorios/calculadora,126,133,92,0.6917293233082706,177,9
2025-08-11,/blog,110,111,82,0.7387387387387387,299,3
2025-08-11,/blog/o-que-sao-precatorios,157,148,104,0.7027027027027027,160,8
2025-08-11,/blog/direitos-precatórios,69,44,32,0.7272727272727273,206,7
2025-08-11,/blog/leis-precatorias,105,80,66,0.825,184,7
2025-08-11,/contato,66,71,58,0.8169014084507042,271,13
2025-08-11,/sobre,47,24,15,0.625,137,1
2025-08-11,/servicos,60,46,40,0.8695652173913043,230,12
2025-08-11,/servicos/consultoria,27,25,18,0.72,124,1
2025-08-11,/servicos/advocacia,43,30,22,0.7333333333333333,130,2
2025-08-11,/casos-de-sucesso,67,59,41,0.6949152542372882,79,4
2025-08-11,/duvidas-frequentes,48,35,25,0.7142857142857143,135,3
2025-08-12,/,274,331,207,0.6253776435045317,50,6
2025-08-12,/precatorios,162,170,110,0.6470588235294118,150,13
2025-08-12,/precatorios/como-receber,160,99,75,0.7575757575757576,137,8
2025-08-12,/precatorios/tipos,134,126,92,0.7301587301587301,192,12
2025-08-12,/precatorios/calculadora,110,141,111,0.7872340425531915,125,7
2025-08-12,/blog,147,107,78,0.7289719626168224,217,5
2025-08-12,/blog/o-que-sao-precatorios,108,79,59,0.7468354430379747,186,10
2025-08-12,/blog/direitos-precatórios,91,89,68,0.7640449438202247,266,2
2025-08-12,/blog/leis-precatorias,60,141,105,0.7446808510638298,283,8
2025-08-12,/contato,54,48,40,0.8333333333333334,325,9
2025-08-12,/sobre,52,49,31,0.6326530612244898,143,2
2025-08-12,/servicos,62,43,35,0.813953488372093,237,11
2025-08-12,/servicos/consultoria,52,49,32,0.6530612244897959,121,1
2025-08-12,/servicos/advocacia,55,30,19,0.6333333333333333,89,1
2025-08-12,/casos-de-sucesso,51,35,22,0.6285714285714286,83,2
2025-08-12,/duvidas-frequentes,53,33,22,0.6666666666666666,113,4
2025-08-13,/,269,335,218,0.6507462686567164,75,5
2025-08-13,/precatorios,169,106,79,0.7452830188679245,172,5
2025-08-13,/precatorios/como-receber,128,93,62,0.6666666666666666,195,6
2025-08-13,/precatorios/tipos,133,194,140,0.7216494845360825,234,11
2025-08-13,/precatorios/calculadora,132,108,72,0.6666666666666666,238,7
2025-08-13,/blog,109,91,71,0.7802197802197802,294,7
2025-08-13,/blog/o-que-sao-precatorios,82,141,109,0.7730496453900709,130,6
2025-08-13,/blog/direitos-precatórios,91,105,88,0.8380952380952381,273,3
2025-08-13,/blog/leis-precatorias,62,78,61,0.782051282051282,299,2
2025-08-13,/contato,81,57,44,0.7719298245614035,267,16
2025-08-13,/sobre,34,43,28,0.6511627906976745,76,2
2025-08-13,/servicos,34,39,32,0.8205128205128205,309,11
2025-08-13,/servicos/consultoria,31,26,16,0.6153846153846154,138,1
2025-08-13,/servicos/advocacia,70,65,45,0.6923076923076923,71,5
2025-08-13,/casos-de-sucesso,28,19,14,0.7368421052631579,146,3
2025-08-13,/duvidas-frequentes,47,40,26,0.65,65,3
2025-08-14,/,340,384,256,0.6666666666666666,69,7
2025-08-14,/precatorios,186,173,115,0.6647398843930635,137,8
2025-08-14,/precatorios/como-receber,170,126,98,0.7777777777777778,130,8
2025-08-14,/precatorios/tipos,204,185,131,0.7081081081081081,144,6
2025-08-14,/precatorios/calculadora,156,74,54,0.7297297297297297,135,8
2025-08-14,/blog,53,97,77,0.7938144329896907,230,5
2025-08-14,/blog/o-que-sao-precatorios,158,112,75,0.6696428571428571,203,11
2025-08-14,/blog/direitos-precatórios,87,83,68,0.8192771084337349,258,7
2025-08-14,/blog/leis-precatorias,97,123,91,0.7398373983739838,251,4
2025-08-14,/contato,60,64,55,0.859375,303,9
2025-08-14,/sobre,46,50,32,0.64,99,3
2025-08-14,/servicos,69,46,40,0.8695652173913043,348,9
2025-08-14,/servicos/consultoria,40,52,37,0.7115384615384616,80,2
2025-08-14,/servicos/advocacia,35,50,33,0.66,103,1
2025-08-14,/casos-de-sucesso,38,51,38,0.7450980392156863,60,2
2025-08-14,/duvidas-frequentes,39,61,44,0.7213114754098361,115,2
2025-08-15,/,213,234,136,0.5811965811965812,50,3
2025-08-15,/precatorios,175,126,99,0.7857142857142857,171,9
2025-08-15,/precatorios/como-receber,185,158,109,0.689873417721519,196,6
2025-08-15,/precatorios/tipos,232,130,97,0.7461538461538462,176,7
2025-08-15,/precatorios/calculadora,135,187,147,0.786096256684492,186,8
2025-08-15,/blog,72,47,39,0.8297872340425532,280,6
2025-08-15,/blog/o-que-sao-precatorios,166,105,78,0.7428571428571429,206,5
2025-08-15,/blog/direitos-precatórios,97,76,61,0.8026315789473685,190,3
2025-08-15,/blog/leis-precatorias,94,107,80,0.7476635514018691,251,6
2025-08-15,/contato,55,72,54,0.75,197,9
2025-08-15,/sobre,64,43,30,0.6976744186046512,131,4
2025-08-15,/servicos,71,60,47,0.7833333333333333,229,16
2025-08-15,/servicos/consultoria,56,25,15,0.6,112,2
2025-08-15,/servicos/advocacia,28,52,33,0.6346153846153846,74,3
2025-08-15,/casos-de-sucesso,51,33,23,0.696969696969697,108,4
2025-08-15,/duvidas-frequentes,37,40,29,0.725,118,4
2025-08-16,/,325,189,117,0.6190476190476191,61,3
2025-08-16,/precatorios,138,159,122,0.7672955974842768,148,10
2025-08-16,/precatorios/como-receber,206,129,99,0.7674418604651163,172,9
2025-08-16,/precatorios/tipos,181,173,112,0.6473988439306358,226,8
2025-08-16,/precatorios/calculadora,111,107,71,0.6635514018691588,206,9
2025-08-16,/blog,111,65,50,0.7692307692307693,195,7
2025-08-16,/blog/o-que-sao-precatorios,127,123,84,0.6829268292682927,193,7
2025-08-16,/blog/direitos-precatórios,61,110,92,0.8363636363636363,198,5
2025-08-16,/blog/leis-precatorias,146,71,52,0.7323943661971831,211,4
2025-08-16,/contato,53,49,38,0.7755102040816326,243,13
2025-08-16,/sobre,38,31,19,0.6129032258064516,70,5
2025-08-16,/servicos,34,60,53,0.8833333333333333,303,11
2025-08-16,/servicos/consultoria,36,43,32,0.7441860465116279,133,2
2025-08-16,/servicos/advocacia,62,38,27,0.7105263157894737,125,3
2025-08-16,/casos-de-sucesso,51,37,26,0.7027027027027027,76,1
2025-08-16,/duvidas-frequentes,52,44,29,0.6590909090909091,129,1
2025-08-17,/,420,347,211,0.6080691642651297,88,5
2025-08-17,/precatorios,172,114,86,0.7543859649122807,178,9
2025-08-17,/precatorios/como-receber,224,108,70,0.6481481481481481,146,10
2025-08-17,/precatorios/tipos,146,86,60,0.6976744186046512,198,10
2025-08-17,/precatorios/calculadora,109,93,68,0.7311827956989247,150,6
2025-08-17,/blog,104,116,87,0.75,197,5
2025-08-17,/blog/o-que-sao-precatorios,161,122,87,0.7131147540983607,216,8
2025-08-17,/blog/direitos-precatórios,90,90,66,0.7333333333333333,196,6
2025-08-17,/blog/leis-precatorias,54,97,77,0.7938144329896907,175,3
2025-08-17,/contato,58,66,57,0.8636363636363636,230,10
2025-08-17,/sobre,29,44,31,0.7045454545454546,82,3
2025-08-17,/servicos,65,39,35,0.8974358974358975,341,11
2025-08-17,/servicos/consultoria,61,45,28,0.6222222222222222,132,1
2025-08-17,/servicos/advocacia,49,27,19,0.7037037037037037,67,2
2025-08-17,/casos-de-sucesso,48,62,45,0.7258064516129032,72,5
2025-08-17,/duvidas-frequentes,51,43,28,0.6511627906976745,131,3
2025-08-18,/,404,274,167,0.6094890510948905,67,6
2025-08-18,/precatorios,178,167,125,0.7485029940119761,188,7
2025-08-18,/precatorios/como-receber,230,145,102,0.7034482758620689,206,11
2025-08-18,/precatorios/tipos,170,154,120,0.7792207792207793,168,11
2025-08-18,/precatorios/calculadora,138,150,111,0.74,138,12
2025-08-18,/blog,73,131,107,0.816793893129771,236,5
2025-08-18,/blog/o-que-sao-precatorios,169,157,116,0.7388535031847133,228,6
2025-08-18,/blog/direitos-precatórios,54,59,44,0.7457627118644068,230,4
2025-08-18,/blog/leis-precatorias,148,91,73,0.8021978021978022,251,5
2025-08-18,/contato,73,62,54,0.8709677419354839,313,15
2025-08-18,/sobre,54,35,21,0.6,62,2
2025-08-18,/servicos,59,55,48,0.8727272727272727,200,11
2025-08-18,/servicos/consultoria,35,47,29,0.6170212765957447,68,5
2025-08-18,/servicos/advocacia,53,22,13,0.5909090909090909,110,1
2025-08-18,/casos-de-sucesso,29,36,25,0.6944444444444444,70,4
2025-08-18,/duvidas-frequentes,45,38,24,0.631578947368421,96,5
2025-08-19,/,318,291,183,0.6288659793814433,55,4
2025-08-19,/precatorios,98,164,115,0.7012195121951219,237,8
2025-08-19,/precatorios/como-receber,134,125,99,0.792,189,6
2025-08-19,/precatorios/tipos,184,158,106,0.6708860759493671,209,10
2025-08-19,/precatorios/calculadora,138,187,138,0.7379679144385026,200,13
2025-08-19,/blog,109,97,74,0.7628865979381443,286,3
2025-08-19,/blog/o-que-sao-precatorios,118,124,91,0.7338709677419355,223,5
2025-08-19,/blog/direitos-precatórios,123,97,72,0.7422680412371134,216,4
2025-08-19,/blog/leis-precatorias,87,45,31,0.6888888888888889,184,4
2025-08-19,/contato,56,63,52,0.8253968253968254,305,14
2025-08-19,/sobre,41,21,15,0.7142857142857143,97,2
2025-08-19,/servicos,40,70,56,0.8,285,14
2025-08-19,/servicos/consultoria,51,39,24,0.6153846153846154,142,4
2025-08-19,/servicos/advocacia,49,36,23,0.6388888888888888,114,3
2025-08-19,/casos-de-sucesso,55,37,23,0.6216216216216216,128,3
2025-08-19,/duvidas-frequentes,46,31,22,0.7096774193548387,83,2
2025-08-20,/,323,252,162,0.6428571428571429,84,7
2025-08-20,/precatorios,130,164,118,0.7195121951219512,161,5
2025-08-20,/precatorios/como-receber,116,93,74,0.7956989247311828,122,6
2025-08-20,/precatorios/tipos,132,147,101,0.6870748299319728,211,11
2025-08-20,/precatorios/calculadora,192,90,61,0.6777777777777778,139,5
2025-08-20,/blog,134,86,64,0.7441860465116279,229,7
2025-08-20,/blog/o-que-sao-precatorios,166,168,126,0.75,124,9
2025-08-20,/blog/direitos-precatórios,51,54,38,0.7037037037037037,250,2
2025-08-20,/blog/leis-precatorias,101,89,64,0.7191011235955056,214,4
2025-08-20,/contato,43,46,41,0.8913043478260869,243,14
2025-08-20,/sobre,45,32,22,0.6875,64,2
2025-08-20,/servicos,74,44,36,0.8181818181818182,233,16
2025-08-20,/servicos/consultoria,56,48,35,0.7291666666666666,80,1
2025-08-20,/servicos/advocacia,50,25,16,0.64,141,2
2025-08-20,/casos-de-sucesso,33,40,29,0.725,145,2
2025-08-20,/duvidas-frequentes,31,37,25,0.6756756756756757,101,1
2025-08-21,/,321,324,206,0.6358024691358025,70,6
2025-08-21,/precatorios,118,111,82,0.7387387387387387,208,11
2025-08-21,/precatorios/como-receber,178,157,105,0.6687898089171974,218,6
2025-08-21,/precatorios/tipos,155,129,93,0.7209302325581395,207,12
2025-08-21,/precatorios/calculadora,148,176,116,0.6590909090909091,165,11
2025-08-21,/blog,66,129,100,0.7751937984496124,177,3
2025-08-21,/blog/o-que-sao-precatorios,137,101,70,0.693069306930693,191,10
2025-08-21,/blog/direitos-precatórios,136,91,75,0.8241758241758241,262,4
2025-08-21,/blog/leis-precatorias,42,108,82,0.7592592592592593,184,3
2025-08-21,/contato,36,56,48,0.8571428571428571,323,10
2025-08-21,/sobre,56,50,31,0.62,83,3
2025-08-21,/servicos,72,77,61,0.7922077922077922,333,11
2025-08-21,/servicos/consultoria,26,29,19,0.6551724137931034,93,3
2025-08-21,/servicos/advocacia,53,22,15,0.6818181818181818,124,4
2025-08-21,/casos-de-sucesso,40,26,17,0.6538461538461539,106,3
2025-08-21,/duvidas-frequentes,38,22,15,0.6818181818181818,128,3
2025-08-22,/,309,371,242,0.6522911051212938,80,5
2025-08-22,/precatorios,145,103,71,0.6893203883495146,202,6
2025-08-22,/precatorios/como-receber,131,118,85,0.7203389830508474,128,6
2025-08-22,/precatorios/tipos,134,130,101,0.7769230769230769,145,7
2025-08-22,/precatorios/calculadora,143,101,67,0.6633663366336634,193,9
2025-08-22,/blog,112,145,112,0.7724137931034483,215,2
2025-08-22,/blog/o-que-sao-precatorios,145,117,86,0.7350427350427351,129,5
2025-08-22,/blog/direitos-precatórios,64,109,84,0.7706422018348624,170,5
2025-08-22,/blog/leis-precatorias,123,49,37,0.7551020408163265,256,4
2025-08-22,/contato,49,59,49,0.8305084745762712,198,13
2025-08-22,/sobre,28,34,25,0.7352941176470589,72,1
2025-08-22,/servicos,56,71,57,0.8028169014084507,229,11
2025-08-22,/servicos/consultoria,36,50,35,0.7,141,4
2025-08-22,/servicos/advocacia,62,57,41,0.7192982456140351,81,2
2025-08-22,/casos-de-sucesso,66,53,35,0.660377358490566,144,2
2025-08-22,/duvidas-frequentes,58,49,36,0.7346938775510204,100,3
2025-08-23,/,375,359,238,0.6629526462395543,72,7
2025-08-23,/precatorios,185,125,92,0.736,147,9
2025-08-23,/precatorios/como-receber,218,176,139,0.7897727272727273,152,9
2025-08-23,/precatorios/tipos,157,147,116,0.7891156462585034,120,11
2025-08-23,/precatorios/calculadora,102,124,91,0.7338709677419355,186,6
2025-08-23,/blog,86,44,32,0.7272727272727273,206,3
2025-08-23,/blog/o-que-sao-precatorios,137,90,69,0.7666666666666667,240,11
2025-08-23,/blog/direitos-precatórios,97,132,102,0.7727272727272727,296,8
2025-08-23,/blog/leis-precatorias,64,53,37,0.6981132075471698,241,3
2025-08-23,/contato,54,57,45,0.7894736842105263,329,12
2025-08-23,/sobre,42,41,29,0.7073170731707317,71,4
2025-08-23,/servicos,51,38,32,0.8421052631578947,303,9
2025-08-23,/servicos/consultoria,50,25,17,0.68,98,1
2025-08-23,/servicos/advocacia,46,26,18,0.6923076923076923,102,3
2025-08-23,/casos-de-sucesso,53,49,36,0.7346938775510204,75,3
2025-08-23,/duvidas-frequentes,30,55,33,0.6,127,1
2025-08-24,/,383,419,265,0.6324582338902148,65,6
2025-08-24,/precatorios,130,105,78,0.7428571428571429,170,10
2025-08-24,/precatorios/como-receber,207,175,129,0.7371428571428571,131,7
2025-08-24,/precatorios/tipos,177,145,111,0.7655172413793103,138,8
2025-08-24,/precatorios/calculadora,154,108,77,0.7129629629629629,215,6
2025-08-24,/blog,123,98,72,0.7346938775510204,252,6
2025-08-24,/blog/o-que-sao-precatorios,173,119,90,0.7563025210084033,181,11
2025-08-24,/blog/direitos-precatórios,81,115,87,0.7565217391304347,296,4
2025-08-24,/blog/leis-precatorias,124,126,107,0.8492063492063492,284,4
2025-08-24,/contato,47,33,26,0.7878787878787878,290,10
2025-08-24,/sobre,31,30,20,0.6666666666666666,114,4
2025-08-24,/servicos,54,41,32,0.7804878048780488,332,6
2025-08-24,/servicos/consultoria,46,34,25,0.7352941176470589,138,5
2025-08-24,/servicos/advocacia,35,52,31,0.5961538461538461,89,3
2025-08-24,/casos-de-sucesso,39,26,18,0.6923076923076923,70,1
2025-08-24,/duvidas-frequentes,28,39,28,0.717948717948718,78,3
2025-08-25,/,222,273,178,0.652014652014652,52,5
2025-08-25,/precatorios,155,148,97,0.6554054054054054,146,11
2025-08-25,/precatorios/como-receber,195,135,92,0.6814814814814815,186,13
2025-08-25,/precatorios/tipos,112,135,97,0.7185185185185186,213,5
2025-08-25,/precatorios/calculadora,221,108,75,0.6944444444444444,235,12
2025-08-25,/blog,102,44,32,0.7272727272727273,165,3
2025-08-25,/blog/o-que-sao-precatorios,101,136,94,0.6911764705882353,179,8
2025-08-25,/blog/direitos-precatórios,56,59,45,0.7627118644067796,219,8
2025-08-25,/blog/leis-precatorias,120,81,67,0.8271604938271605,154,4
2025-08-25,/contato,69,53,47,0.8867924528301887,310,9
2025-08-25,/sobre,51,61,45,0.7377049180327869,128,2
2025-08-25,/servicos,50,46,38,0.8260869565217391,297,7
2025-08-25,/servicos/consultoria,30,42,31,0.7380952380952381,99,4
2025-08-25,/servicos/advocacia,58,49,34,0.6938775510204082,62,4
2025-08-25,/casos-de-sucesso,45,43,29,0.6744186046511628,90,3
2025-08-25,/duvidas-frequentes,23,31,22,0.7096774193548387,63,2
2025-08-26,/,352,301,180,0.5980066445182725,70,5
2025-08-26,/precatorios,89,112,81,0.7232142857142857,206,8
2025-08-26,/precatorios/como-receber,175,116,82,0.7068965517241379,193,6
2025-08-26,/precatorios/tipos,149,125,98,0.784,162,9
2025-08-26,/precatorios/calculadora,193,121,82,0.6776859504132231,137,12
2025-08-26,/blog,110,122,100,0.819672131147541,185,4
2025-08-26,/blog/o-que-sao-precatorios,169,141,111,0.7872340425531915,175,10
2025-08-26,/blog/direitos-precatórios,57,108,90,0.8333333333333334,190,4
2025-08-26,/blog/leis-precatorias,49,97,75,0.7731958762886598,180,2
2025-08-26,/contato,52,38,32,0.8421052631578947,261,12
2025-08-26,/sobre,43,35,23,0.6571428571428571,141,3
2025-08-26,/servicos,44,42,32,0.7619047619047619,227,6
2025-08-26,/servicos/consultoria,35,30,21,0.7,89,1
2025-08-26,/servicos/advocacia,43,25,17,0.68,121,2
2025-08-26,/casos-de-sucesso,54,50,35,0.7,107,2
2025-08-26,/duvidas-frequentes,42,46,30,0.6521739130434783,80,2
2025-08-27,/,321,243,148,0.6090534979423868,45,6
2025-08-27,/precatorios,141,109,83,0.7614678899082569,145,11
2025-08-27,/precatorios/como-receber,102,79,53,0.6708860759493671,176,10
2025-08-27,/precatorios/tipos,146,125,94,0.752,230,7
2025-08-27,/precatorios/calculadora,125,138,97,0.7028985507246377,125,10
2025-08-27,/blog,133,86,70,0.813953488372093,250,6
2025-08-27,/blog/o-que-sao-precatorios,188,157,115,0.732484076433121,187,10
2025-08-27,/blog/direitos-precatórios,130,46,35,0.7608695652173914,265,5
2025-08-27,/blog/leis-precatorias,52,72,56,0.7777777777777778,251,2
2025-08-27,/contato,72,76,66,0.868421052631579,192,11
2025-08-27,/sobre,36,42,27,0.6428571428571429,98,2
2025-08-27,/servicos,61,40,32,0.8,336,7
2025-08-27,/servicos/consultoria,63,34,23,0.6764705882352942,142,5
2025-08-27,/servicos/advocacia,31,56,34,0.6071428571428571,134,2
2025-08-27,/casos-de-sucesso,49,48,30,0.625,63,2
2025-08-27,/duvidas-frequentes,59,38,28,0.7368421052631579,71,3
2025-08-28,/,317,254,166,0.6535433070866141,52,4
2025-08-28,/precatorios,96,124,92,0.7419354838709677,130,8
2025-08-28,/precatorios/como-receber,157,114,86,0.7543859649122807,185,8
2025-08-28,/precatorios/tipos,118,136,99,0.7279411764705882,125,11
2025-08-28,/precatorios/calculadora,116,127,93,0.7322834645669292,204,12
2025-08-28,/blog,68,65,53,0.8153846153846154,195,2
2025-08-28,/blog/o-que-sao-precatorios,147,124,86,0.6935483870967742,218,9
2025-08-28,/blog/direitos-precatórios,77,111,80,0.7207207207207207,183,3
2025-08-28,/blog/leis-precatorias,57,143,116,0.8111888111888111,153,6
2025-08-28,/contato,64,60,49,0.8166666666666667,181,13
2025-08-28,/sobre,47,42,29,0.6904761904761905,120,5
2025-08-28,/servicos,70,67,51,0.7611940298507462,333,8
2025-08-28,/servicos/consultoria,36,35,24,0.6857142857142857,131,2
2025-08-28,/servicos/advocacia,28,34,21,0.6176470588235294,143,4
2025-08-28,/casos-de-sucesso,30,35,25,0.7142857142857143,145,3
2025-08-28,/duvidas-frequentes,42,25,15,0.6,113,2
2025-08-29,/,280,286,183,0.6398601398601399,89,4
2025-08-29,/precatorios,131,136,95,0.6985294117647058,124,5
2025-08-29,/precatorios/como-receber,208,134,93,0.6940298507462687,234,9
2025-08-29,/precatorios/tipos,95,127,98,0.7716535433070866,128,7
2025-08-29,/precatorios/calculadora,189,127,84,0.6614173228346457,230,9
2025-08-29,/blog,87,106,80,0.7547169811320755,203,3
2025-08-29,/blog/o-que-sao-precatorios,212,115,77,0.6695652173913044,213,13
2025-08-29,/blog/direitos-precatórios,130,62,47,0.7580645161290323,223,6
2025-08-29,/blog/leis-precatorias,129,86,63,0.7325581395348837,297,7
2025-08-29,/contato,60,41,34,0.8292682926829268,307,14
2025-08-29,/sobre,65,39,28,0.717948717948718,89,4
2025-08-29,/servicos,50,34,25,0.7352941176470589,299,8
2025-08-29,/servicos/consultoria,30,39,25,0.6410256410256411,102,3
2025-08-29,/servicos/advocacia,37,22,15,0.6818181818181818,148,3
2025-08-29,/casos-de-sucesso,46,29,19,0.6551724137931034,124,4
2025-08-29,/duvidas-frequentes,22,27,18,0.6666666666666666,103,4
2025-08-30,/,470,275,186,0.6763636363636364,57,7
2025-08-30,/precatorios,114,120,94,0.7833333333333333,222,4
2025-08-30,/precatorios/como-receber,214,125,90,0.72,200,11
2025-08-30,/precatorios/tipos,167,131,94,0.7175572519083969,224,8
2025-08-30,/precatorios/calculadora,202,100,77,0.77,158,10
2025-08-30,/blog,161,149,111,0.7449664429530202,287,2
2025-08-30,/blog/o-que-sao-precatorios,120,155,117,0.7548387096774194,222,11
2025-08-30,/blog/direitos-precatórios,89,49,41,0.8367346938775511,221,2
2025-08-30,/blog/leis-precatorias,97,97,77,0.7938144329896907,192,7
2025-08-30,/contato,66,48,40,0.8333333333333334,258,12
2025-08-30,/sobre,27,39,26,0.6666666666666666,123,3
2025-08-30,/servicos,51,51,45,0.8823529411764706,257,8
2025-08-30,/servicos/consultoria,64,45,27,0.6,107,1
2025-08-30,/servicos/advocacia,38,28,18,0.6428571428571429,63,5
2025-08-30,/casos-de-sucesso,52,29,18,0.6206896551724138,121,3
2025-08-30,/duvidas-frequentes,43,30,21,0.7,72,2
2025-08-31,/,256,198,122,0.6161616161616161,90,3
2025-08-31,/precatorios,86,110,87,0.7909090909090909,207,10
2025-08-31,/precatorios/como-receber,179,103,72,0.6990291262135923,233,6
2025-08-31,/precatorios/tipos,103,142,108,0.7605633802816901,215,7
2025-08-31,/precatorios/calculadora,99,159,121,0.7610062893081762,201,7
2025-08-31,/blog,95,73,53,0.726027397260274,220,6
2025-08-31,/blog/o-que-sao-precatorios,166,172,129,0.75,154,8
2025-08-31,/blog/direitos-precatórios,64,74,52,0.7027027027027027,293,6
2025-08-31,/blog/leis-precatorias,67,76,59,0.7763157894736842,290,5
2025-08-31,/contato,53,41,36,0.8780487804878049,252,10
2025-08-31,/sobre,32,24,15,0.625,103,4
2025-08-31,/servicos,47,47,35,0.7446808510638298,192,9
2025-08-31,/servicos/consultoria,48,25,15,0.6,110,2
2025-08-31,/servicos/advocacia,48,40,26,0.65,85,1
2025-08-31,/casos-de-sucesso,65,36,22,0.6111111111111112,149,5
2025-08-31,/duvidas-frequentes,29,48,30,0.625,142,4
2025-09-01,/,364,279,193,0.6917562724014337,54,5
2025-09-01,/precatorios,152,145,98,0.6758620689655173,237,11
2025-09-01,/precatorios/como-receber,114,106,75,0.7075471698113207,123,5
2025-09-01,/precatorios/tipos,172,111,78,0.7027027027027027,179,13
2025-09-01,/precatorios/calculadora,128,133,101,0.7593984962406015,197,11
2025-09-01,/blog,52,88,62,0.7045454545454546,177,4
2025-09-01,/blog/o-que-sao-precatorios,169,171,112,0.6549707602339181,158,9
2025-09-01,/blog/direitos-precatórios,126,111,87,0.7837837837837838,211,8
2025-09-01,/blog/leis-precatorias,86,122,88,0.7213114754098361,273,5
2025-09-01,/contato,42,54,42,0.7777777777777778,331,13
2025-09-01,/sobre,60,50,34,0.68,90,2
2025-09-01,/servicos,48,71,54,0.7605633802816901,332,15
2025-09-01,/servicos/consultoria,50,31,22,0.7096774193548387,82,3
2025-09-01,/servicos/advocacia,51,26,18,0.6923076923076923,147,4
2025-09-01,/casos-de-sucesso,50,60,41,0.6833333333333333,67,2
2025-09-01,/duvidas-frequentes,40,32,23,0.71875,141,1
2025-09-02,/,238,218,135,0.6192660550458715,63,5
2025-09-02,/precatorios,145,132,95,0.7196969696969697,146,8
2025-09-02,/precatorios/como-receber,159,145,106,0.7310344827586207,236,12
2025-09-02,/precatorios/tipos,148,155,117,0.7548387096774194,237,9
2025-09-02,/precatorios/calculadora,118,175,114,0.6514285714285715,185,9
2025-09-02,/blog,62,77,55,0.7142857142857143,290,2
2025-09-02,/blog/o-que-sao-precatorios,112,181,140,0.7734806629834254,165,7
2025-09-02,/blog/direitos-precatórios,97,54,40,0.7407407407407407,250,8
2025-09-02,/blog/leis-precatorias,85,128,97,0.7578125,247,5
2025-09-02,/contato,64,42,35,0.8333333333333334,301,8
2025-09-02,/sobre,40,52,37,0.7115384615384616,106,4
2025-09-02,/servicos,53,57,51,0.8947368421052632,212,10
2025-09-02,/servicos/consultoria,20,21,14,0.6666666666666666,78,4
2025-09-02,/servicos/advocacia,51,30,18,0.6,142,4
2025-09-02,/casos-de-sucesso,63,58,39,0.6724137931034483,118,5
2025-09-02,/duvidas-frequentes,58,49,32,0.6530612244897959,88,2
2025-09-03,/,318,201,127,0.6318407960199005,60,5
2025-09-03,/precatorios,123,128,94,0.734375,124,4
2025-09-03,/precatorios/como-receber,157,138,104,0.7536231884057971,134,9
2025-09-03,/precatorios/tipos,188,116,78,0.6724137931034483,213,11
2025-09-03,/precatorios/calculadora,184,118,84,0.711864406779661,130,9
2025-09-03,/blog,107,46,34,0.7391304347826086,169,6
2025-09-03,/blog/o-que-sao-precatorios,189,166,127,0.7650602409638554,159,10
2025-09-03,/blog/direitos-precatórios,52,81,63,0.7777777777777778,152,5
2025-09-03,/blog/leis-precatorias,117,120,100,0.8333333333333334,296,5
2025-09-03,/contato,59,51,45,0.8823529411764706,255,10
2025-09-03,/sobre,35,24,16,0.6666666666666666,136,3
2025-09-03,/servicos,53,36,30,0.8333333333333334,328,9
2025-09-03,/servicos/consultoria,25,37,26,0.7027027027027027,139,1
2025-09-03,/servicos/advocacia,49,62,37,0.5967741935483871,124,2
2025-09-03,/casos-de-sucesso,46,41,25,0.6097560975609756,95,3
2025-09-03,/duvidas-frequentes,36,20,14,0.7,137,2
2025-09-04,/,253,297,180,0.6060606060606061,56,5
2025-09-04,/precatorios,225,135,97,0.7185185185185186,222,11
2025-09-04,/precatorios/como-receber,99,127,101,0.7952755905511811,138,10
2025-09-04,/precatorios/tipos,137,175,133,0.76,172,13
2025-09-04,/precatorios/calculadora,153,123,91,0.7398373983739838,212,11
2025-09-04,/blog,70,71,55,0.7746478873239436,238,2
2025-09-04,/blog/o-que-sao-precatorios,185,126,95,0.753968253968254,134,6
2025-09-04,/blog/direitos-precatórios,75,110,84,0.7636363636363637,227,6
2025-09-04,/blog/leis-precatorias,149,115,85,0.7391304347826086,249,6
2025-09-04,/contato,60,47,39,0.8297872340425532,291,8
2025-09-04,/sobre,44,52,34,0.6538461538461539,100,1
2025-09-04,/servicos,38,57,47,0.8245614035087719,290,9
2025-09-04,/servicos/consultoria,39,33,21,0.6363636363636364,72,2
2025-09-04,/servicos/advocacia,41,42,30,0.7142857142857143,90,2
2025-09-04,/casos-de-sucesso,52,39,27,0.6923076923076923,83,3
2025-09-04,/duvidas-frequentes,61,23,16,0.6956521739130435,68,1
2025-09-05,/,316,222,139,0.6261261261261262,88,6
2025-09-05,/precatorios,145,119,90,0.7563025210084033,152,7
2025-09-05,/precatorios/como-receber,115,103,76,0.7378640776699029,127,11
2025-09-05,/precatorios/tipos,161,103,81,0.7864077669902912,201,5
2025-09-05,/precatorios/calculadora,204,112,74,0.6607142857142857,197,7
2025-09-05,/blog,117,154,125,0.8116883116883117,294,4
2025-09-05,/blog/o-que-sao-precatorios,122,122,84,0.6885245901639344,179,11
2025-09-05,/blog/direitos-precatórios,60,128,98,0.765625,220,5
2025-09-05,/blog/leis-precatorias,124,117,95,0.811965811965812,232,4
2025-09-05,/contato,51,40,31,0.775,195,13
2025-09-05,/sobre,48,42,31,0.7380952380952381,93,3
2025-09-05,/servicos,59,74,55,0.7432432432432432,231,15
2025-09-05,/servicos/consultoria,38,56,34,0.6071428571428571,129,4
2025-09-05,/servicos/advocacia,45,34,24,0.7058823529411765,93,2
2025-09-05,/casos-de-sucesso,22,22,13,0.5909090909090909,92,4
2025-09-05,/duvidas-frequentes,30,63,39,0.6190476190476191,141,1
2025-09-06,/,252,315,185,0.5873015873015873,89,6
2025-09-06,/precatorios,179,195,126,0.6461538461538462,210,14
2025-09-06,/precatorios/como-receber,147,137,98,0.7153284671532847,228,10
2025-09-06,/precatorios/tipos,213,105,77,0.7333333333333333,120,9
2025-09-06,/precatorios/calculadora,185,149,99,0.6644295302013423,188,8
2025-09-06,/blog,87,124,92,0.7419354838709677,164,7
2025-09-06,/blog/o-que-sao-precatorios,201,112,78,0.6964285714285714,229,9
2025-09-06,/blog/direitos-precatórios,69,119,96,0.8067226890756303,224,8
2025-09-06,/blog/leis-precatorias,67,60,46,0.7666666666666667,248,6
2025-09-06,/contato,47,49,41,0.8367346938775511,207,11
2025-09-06,/sobre,54,26,19,0.7307692307692307,116,2
2025-09-06,/servicos,47,36,27,0.75,331,10
2025-09-06,/servicos/consultoria,44,37,22,0.5945945945945946,129,2
2025-09-06,/servicos/advocacia,49,44,32,0.7272727272727273,62,1
2025-09-06,/casos-de-sucesso,38,21,13,0.6190476190476191,65,3
2025-09-06,/duvidas-frequentes,33,37,26,0.7027027027027027,145,5
2025-09-07,/,313,213,140,0.6572769953051644,59,3
2025-09-07,/precatorios,114,118,85,0.7203389830508474,122,10
2025-09-07,/precatorios/como-receber,213,113,78,0.6902654867256637,203,8
2025-09-07,/precatorios/tipos,98,108,80,0.7407407407407407,235,7
2025-09-07,/precatorios/calculadora,92,122,90,0.7377049180327869,226,8
2025-09-07,/blog,52,52,37,0.7115384615384616,206,2
2025-09-07,/blog/o-que-sao-precatorios,108,125,87,0.696,226,9
2025-09-07,/blog/direitos-precatórios,126,88,66,0.75,297,6
2025-09-07,/blog/leis-precatorias,70,90,74,0.8222222222222222,204,2
2025-09-07,/contato,42,46,35,0.7608695652173914,250,7
2025-09-07,/sobre,51,32,22,0.6875,130,2
2025-09-07,/servicos,76,56,49,0.875,190,10
2025-09-07,/servicos/consultoria,32,48,34,0.7083333333333334,62,5
2025-09-07,/servicos/advocacia,31,23,14,0.6086956521739131,71,3
2025-09-07,/casos-de-sucesso,48,49,34,0.6938775510204082,86,2
2025-09-07,/duvidas-frequentes,37,45,30,0.6666666666666666,82,1
2025-09-08,/,249,297,190,0.6397306397306397,50,5
2025-09-08,/precatorios,129,128,83,0.6484375,150,6
2025-09-08,/precatorios/como-receber,107,147,117,0.7959183673469388,199,7
2025-09-08,/precatorios/tipos,161,130,94,0.7230769230769231,179,9
2025-09-08,/precatorios/calculadora,168,162,110,0.6790123456790124,126,7
2025-09-08,/blog,71,71,56,0.7887323943661971,271,6
2025-09-08,/blog/o-que-sao-precatorios,144,129,97,0.751937984496124,125,7
2025-09-08,/blog/direitos-precatórios,147,101,74,0.7326732673267327,261,4
2025-09-08,/blog/leis-precatorias,96,129,105,0.813953488372093,266,2
2025-09-08,/contato,51,42,37,0.8809523809523809,225,11
2025-09-08,/sobre,27,56,37,0.6607142857142857,69,3
2025-09-08,/servicos,70,57,46,0.8070175438596491,263,11
2025-09-08,/servicos/consultoria,26,35,22,0.6285714285714286,90,3
2025-09-08,/servicos/advocacia,30,38,28,0.7368421052631579,69,4
2025-09-08,/casos-de-sucesso,45,20,15,0.75,78,2
2025-09-08,/duvidas-frequentes,49,30,20,0.6666666666666666,77,4
2025-09-09,/,341,360,250,0.6944444444444444,57,7
2025-09-09,/precatorios,95,77,58,0.7532467532467533,127,6
2025-09-09,/precatorios/como-receber,99,88,68,0.7727272727272727,178,7
2025-09-09,/precatorios/tipos,141,155,106,0.6838709677419355,157,12
2025-09-09,/precatorios/calculadora,117,167,132,0.7904191616766467,235,6
2025-09-09,/blog,113,106,87,0.8207547169811321,172,5
2025-09-09,/blog/o-que-sao-precatorios,174,160,124,0.775,147,11
2025-09-09,/blog/direitos-precatórios,91,85,63,0.7411764705882353,259,3
2025-09-09,/blog/leis-precatorias,87,92,70,0.7608695652173914,206,7
2025-09-09,/contato,50,35,28,0.8,191,8
2025-09-09,/sobre,50,50,29,0.58,127,4
2025-09-09,/servicos,67,39,31,0.7948717948717948,241,8
2025-09-09,/servicos/consultoria,21,40,30,0.75,76,3
2025-09-09,/servicos/advocacia,47,41,28,0.6829268292682927,71,1
2025-09-09,/casos-de-sucesso,49,37,23,0.6216216216216216,118,1
2025-09-09,/duvidas-frequentes,56,54,38,0.7037037037037037,150,4
2025-09-10,/,315,339,218,0.6430678466076696,90,4
2025-09-10,/precatorios,144,79,56,0.7088607594936709,208,6
2025-09-10,/precatorios/como-receber,159,89,61,0.6853932584269663,216,7
2025-09-10,/precatorios/tipos,211,187,136,0.7272727272727273,221,8
2025-09-10,/precatorios/calculadora,215,115,85,0.7391304347826086,162,13
2025-09-10,/blog,59,115,97,0.8434782608695652,243,2
2025-09-10,/blog/o-que-sao-precatorios,106,130,91,0.7,199,5
2025-09-10,/blog/direitos-precatórios,113,107,77,0.719626168224299,293,3
2025-09-10,/blog/leis-precatorias,135,150,123,0.82,185,5
2025-09-10,/contato,53,68,52,0.7647058823529411,302,10
2025-09-10,/sobre,36,40,26,0.65,94,4
2025-09-10,/servicos,50,33,24,0.7272727272727273,268,12
2025-09-10,/servicos/consultoria,47,45,31,0.6888888888888889,75,4
2025-09-10,/servicos/advocacia,61,42,28,0.6666666666666666,107,2
2025-09-10,/casos-de-sucesso,30,42,26,0.6190476190476191,110,2
2025-09-10,/duvidas-frequentes,47,30,18,0.6,95,2
2025-09-11,/,252,308,176,0.5714285714285714,58,3
2025-09-11,/precatorios,141,147,116,0.7891156462585034,189,7
2025-09-11,/precatorios/como-receber,169,141,100,0.7092198581560284,214,11
2025-09-11,/precatorios/tipos,92,114,77,0.6754385964912281,122,11
2025-09-11,/precatorios/calculadora,125,151,112,0.7417218543046358,172,10
2025-09-11,/blog,101,140,111,0.7928571428571428,233,6
2025-09-11,/blog/o-que-sao-precatorios,171,171,129,0.7543859649122807,227,9
2025-09-11,/blog/direitos-precatórios,95,92,69,0.75,183,4
2025-09-11,/blog/leis-precatorias,79,87,63,0.7241379310344828,245,5
2025-09-11,/contato,35,36,28,0.7777777777777778,296,8
2025-09-11,/sobre,32,37,23,0.6216216216216216,82,2
2025-09-11,/servicos,48,48,37,0.7708333333333334,261,9
2025-09-11,/servicos/consultoria,62,46,30,0.6521739130434783,86,1
2025-09-11,/servicos/advocacia,49,49,30,0.6122448979591837,117,2
2025-09-11,/casos-de-sucesso,54,38,23,0.6052631578947368,63,4
2025-09-11,/duvidas-frequentes,65,36,26,0.7222222222222222,100,2
2025-09-12,/,278,404,281,0.6955445544554455,66,6
2025-09-12,/precatorios,137,109,86,0.7889908256880734,216,9
2025-09-12,/precatorios/como-receber,170,100,77,0.77,213,8
2025-09-12,/precatorios/tipos,134,97,74,0.7628865979381443,235,5
2025-09-12,/precatorios/calculadora,111,152,101,0.6644736842105263,123,8
2025-09-12,/blog,103,58,44,0.7586206896551724,173,4
2025-09-12,/blog/o-que-sao-precatorios,110,173,128,0.7398843930635838,194,10
2025-09-12,/blog/direitos-precatórios,83,86,62,0.7209302325581395,171,6
2025-09-12,/blog/leis-precatorias,88,108,86,0.7962962962962963,172,5
2025-09-12,/contato,65,47,38,0.8085106382978723,334,8
2025-09-12,/sobre,54,53,33,0.6226415094339622,114,4
2025-09-12,/servicos,73,66,49,0.7424242424242424,268,14
2025-09-12,/servicos/consultoria,43,49,35,0.7142857142857143,71,2
2025-09-12,/servicos/advocacia,46,43,30,0.6976744186046512,96,2
2025-09-12,/casos-de-sucesso,45,43,26,0.6046511627906976,135,1
2025-09-12,/duvidas-frequentes,39,41,26,0.6341463414634146,127,4
